Workbook
Name CLASS: GOLF!$E:$E
Name CLASS: DELTA!$E:$E
Name NATURE: GOLF!$F:$F
Name CONFINEMENT: GOLF!$H:$H
Name NATURE: ECHO!$E:$E
Name NATURE: BRAVO!$F:$F
Name CONFINEMENT: ALFA!$H:$H
Name RANK: HAWK!$B:$B
Name RANK: CHARLIE!$B:$B
Name CONFINEMENT: HAWK!$H:$H
Name CLASS: BRAVO!$E:$E
Name CONFINEMENT: CHARLIE!$H:$H
Name CONFINEMENT: ECHO!$G:$G
Name NATURE: ALFA!$F:$F
Name NATURE: DELTA!$F:$F
Name REMARKS: BRAVO!$P:$P
Name REMARKS: DELTA!$P:$P
Name RANK: ECHO!$A:$A
Name NATURE: FOXTROT!$F:$F
Name CONFINEMENT: DELTA!$H:$H
Name REMARKS: CHARLIE!$P:$P
Name NamedRange1: BRAVO!$B:$B
Name REMARKS: FOXTROT!$P:$P
Name RANK: FOXTROT!$B:$B
Name CLASS: CHARLIE!$E:$E
Name REMARKS: ECHO!$O:$O
Name RANK: DELTA!$B:$B
Name NATURE: CHARLIE!$F:$F
Name CLASS: ECHO!$D:$D
Name REMARKS: HAWK!$P:$P
Name RANK: ALFA!$B:$B
Name CONFINEMENT: FOXTROT!$H:$H
Name CLASS: FOXTROT!$E:$E
Name CONFINEMENT: BRAVO!$H:$H
Name NATURE: HAWK!$F:$F
Name CLASS: HAWK!$E:$E
Name RANK: BRAVO!$B:$B
Name RANK: GOLF!$B:$B
Name REMARKS: GOLF!$P:$P
Name CLASS: ALFA!$E:$E
Name REMARKS: ALFA!$P:$P

Sheet TOTAL 
B9: TOTAL NUMBER OF TOURING CADETS | J9: TOTAL NUMBER OF CONFINED CADETS | R9: TOTAL NUMBER OF TOURING/CONFINED CADETS
B12: =SUM(SUMMARY!F48:J55,SUMMARY!BB20:BE21) -> 65 | J12: =sum(SUMMARY!L48:L55,SUMMARY!BB41) -> 228 | R12: =SUMMARY!R57 -> 58

Sheet SUMMARY
B2: .
E4: ALFA | K4: BRAVO | Q4: CHARLIE | W4: DELTA | AC4: ECHO | AI4: FOXTROT | AO4: GOLF | AU4: HAWK | BA4: CONDUCT
E7: SUMMARY | K7: SUMMARY | Q7: SUMMARY | W7: SUMMARY | AC7: SUMMARY | AI7: SUMMARY | AO7: SUMMARY | AU7: SUMMARY | BA7: SUMMARY
E9: NATURE OF REPORT | F9: 1CL | G9: 2CL | H9: 3CL | I9: 4CL | K9: NATURE OF REPORT | L9: 1CL | M9: 2CL | N9: 3CL | O9: 4CL | Q9: NATURE OF REPORT | R9: 1CL | S9: 2CL | T9: 3CL | U9: 4CL | W9: NATURE OF REPORT | X9: 1CL | Y9: 2CL | Z9: 3CL | AA9: 4CL | AC9: NATURE OF REPORT | AD9: 1CL | AE9: 2CL | AF9: 3CL | AG9: 4CL | AI9: NATURE OF REPORT | AJ9: 1CL | AK9: 2CL | AL9: 3CL | AM9: 4CL | AO9: NATURE OF REPORT | AP9: 1CL | AQ9: 2CL | AR9: 3CL | AS9: 4CL | AU9: NATURE OF REPORT | AV9: 1CL | AW9: 2CL | AX9: 3CL | AY9: 4CL | BA9: NATURE OF REPORT | BB9: 1CL | BC9: 2CL | BD9: 3CL | BE9: 4CL
E10: UNNACCOUNTED/ABSENT | F10: =COUNTIFS(RANK,"1CL",NATURE,"UNNACCOUNTED/ABSENT",ALFA!N:N,">0") -> 0 | G10: =COUNTIFS(RANK,"2CL",NATURE,"UNNACCOUNTED/ABSENT",ALFA!N:N,">0") -> 0 | H10: =COUNTIFS(RANK,"3CL",NATURE,"UNNACCOUNTED/ABSENT",ALFA!N:N,">0") -> 0 | I10: =COUNTIFS(RANK,"4CL",NATURE,"UNNACCOUNTED/ABSENT",REMARKS,"ONGOING") -> 0 | K10: UNNACCOUNTED/ABSENT | L10: =COUNTIFS(BRAVO!RANK,"1CL",BRAVO!NATURE,"UNNACCOUNTED/ABSENT",BRAVO!N:N,">0") -> 0 | M10: =COUNTIFS(BRAVO!RANK,"2CL",BRAVO!NATURE,"UNNACCOUNTED/ABSENT",BRAVO!N:N,">0") -> 0 | N10: =COUNTIFS(BRAVO!RANK,"3CL",BRAVO!NATURE,"UNNACCOUNTED/ABSENT",BRAVO!N:N,">0") -> 0 | O10: =COUNTIFS(BRAVO!RANK,"4CL",BRAVO!NATURE,"UNNACCOUNTED/ABSENT",BRAVO!REMARKS,"ONGOING") -> 0 | Q10: UNNACCOUNTED/ABSENT | R10: =COUNTIFS(CHARLIE!RANK,"1CL",CHARLIE!NATURE,"UNNACCOUNTED/ABSENT",CHARLIE!N:N,">0") -> 2 | S10: =COUNTIFS(CHARLIE!RANK,"2CL",CHARLIE!NATURE,"UNNACCOUNTED/ABSENT",CHARLIE!N:N,">0") -> 2 | T10: =COUNTIFS(CHARLIE!RANK,"3CL",CHARLIE!NATURE,"UNNACCOUNTED/ABSENT",CHARLIE!N:N,">0") -> 3 | U10: =COUNTIFS(CHARLIE!RANK,"4CL",CHARLIE!NATURE,"UNNACCOUNTED/ABSENT",CHARLIE!REMARKS,"ONGOING") -> 0 | W10: UNNACCOUNTED/ABSENT | X10: =COUNTIFS(DELTA!RANK,"1CL",DELTA!NATURE,"UNNACCOUNTED/ABSENT",DELTA!N:N,">0") -> 0 | Y10: =COUNTIFS(DELTA!RANK,"2CL",DELTA!NATURE,"UNNACCOUNTED/ABSENT",DELTA!N:N,">0") -> 0 | Z10: =COUNTIFS(DELTA!RANK,"3CL",DELTA!NATURE,"UNNACCOUNTED/ABSENT",DELTA!N:N,">0") -> 1 | AA10: =COUNTIFS(DELTA!RANK,"4CL",DELTA!NATURE,"UNNACCOUNTED/ABSENT",DELTA!REMARKS,"ONGOING") -> 1 | AC10: UNNACCOUNTED/ABSENT | AD10: =COUNTIFS(ECHO!RANK,"1CL",ECHO!NATURE,"UNNACCOUNTED/ABSENT",ECHO!M:M,">0") -> 0 | AE10: =COUNTIFS(ECHO!RANK,"2CL",ECHO!NATURE,"UNNACCOUNTED/ABSENT",ECHO!M:M,">0") -> 0 | AF10: =COUNTIFS(ECHO!RANK,"3CL",ECHO!NATURE,"UNNACCOUNTED/ABSENT",ECHO!M:M,">0") -> 0 | AG10: =COUNTIFS(ECHO!RANK,"4CL",ECHO!NATURE,"UNNACCOUNTED/ABSENT",ECHO!REMARKS,"ONGOING") -> 0 | AI10: UNNACCOUNTED/ABSENT | AJ10: =COUNTIFS(FOXTROT!RANK,"1CL",FOXTROT!NATURE,"UNNACCOUNTED/ABSENT",FOXTROT!N:N,">0") -> 0 | AK10: =COUNTIFS(FOXTROT!RANK,"2CL",FOXTROT!NATURE,"UNNACCOUNTED/ABSENT",FOXTROT!N:N,">0") -> 0 | AL10: =COUNTIFS(FOXTROT!RANK,"3CL",FOXTROT!NATURE,"UNNACCOUNTED/ABSENT",FOXTROT!N:N,">0") -> 0 | AM10: =COUNTIFS(FOXTROT!RANK,"4CL",FOXTROT!NATURE,"UNNACCOUNTED/ABSENT",FOXTROT!REMARKS,"ONGOING") -> 6 | AO10: UNNACCOUNTED/ABSENT | AP10: =COUNTIFS(GOLF!RANK,"1CL",GOLF!NATURE,"UNNACCOUNTED/ABSENT",GOLF!N:N,">0") -> 0 | AQ10: =COUNTIFS(GOLF!RANK,"2CL",GOLF!NATURE,"UNNACCOUNTED/ABSENT",GOLF!N:N,">0") -> 0 | AR10: =COUNTIFS(GOLF!RANK,"3CL",GOLF!NATURE,"UNNACCOUNTED/ABSENT",GOLF!N:N,">0") -> 0 | AS10: =COUNTIFS(GOLF!RANK,"4CL",GOLF!NATURE,"UNNACCOUNTED/ABSENT",GOLF!REMARKS,"ONGOING") -> 0 | AU10: UNNACCOUNTED/ABSENT | AV10: =COUNTIFS(HAWK!RANK,"1CL",HAWK!NATURE,"UNNACCOUNTED/ABSENT",HAWK!N:N,">0") -> 0 | AW10: =COUNTIFS(HAWK!RANK,"2CL",HAWK!NATURE,"UNNACCOUNTED/ABSENT",HAWK!N:N,">0") -> 0 | AX10: =COUNTIFS(HAWK!RANK,"3CL",HAWK!NATURE,"UNNACCOUNTED/ABSENT",HAWK!N:N,">0") -> 0 | AY10: =COUNTIFS(HAWK!RANK,"4CL",HAWK!NATURE,"UNNACCOUNTED/ABSENT",HAWK!REMARKS,"ONGOING") -> 2 | BA10: UNNACCOUNTED/ABSENT | BB10: =COUNTIFS(#REF!,"1CL",#REF!,"UNNACCOUNTED/ABSENT",#REF!,"ONGOING") -> 0 | BC10: =COUNTIFS(#REF!,"2CL",#REF!,"UNNACCOUNTED/ABSENT",#REF!,"ONGOING") -> 0 | BD10: =COUNTIFS(#REF!,"3CL",#REF!,"UNNACCOUNTED/ABSENT",#REF!,"ONGOING") -> 0 | BE10: =COUNTIFS(#REF!,"4CL",#REF!,"UNNACCOUNTED/ABSENT",#REF!,"ONGOING") -> 0
E11: LATE | F11: =COUNTIFS(RANK,"1CL",NATURE,"LATE",ALFA!N:N,">0") -> 0 | G11: =COUNTIFS(RANK,"2CL",NATURE,"LATE",ALFA!N:N,">0") -> 0 | H11: =COUNTIFS(RANK,"3CL",NATURE,"LATE",ALFA!N:N,">0") -> 2 | I11: =COUNTIFS(RANK,"4CL",NATURE,"LATE",REMARKS,"ONGOING") -> 0 | K11: LATE | L11: =COUNTIFS(BRAVO!RANK,"1CL",BRAVO!NATURE,"LATE",BRAVO!N:N,">0") -> 0 | M11: =COUNTIFS(BRAVO!RANK,"2CL",BRAVO!NATURE,"LATE",BRAVO!N:N,">0") -> 0 | N11: =COUNTIFS(BRAVO!RANK,"3CL",BRAVO!NATURE,LATE,BRAVO!N:N,">0") -> 0 | O11: =COUNTIFS(BRAVO!RANK,"4CL",BRAVO!NATURE,LATE,BRAVO!REMARKS,"ONGOING") -> 0 | Q11: LATE | R11: =COUNTIFS(CHARLIE!RANK,"1CL",CHARLIE!NATURE,"LATE",CHARLIE!N:N,">0") -> 0 | S11: =COUNTIFS(CHARLIE!RANK,"2CL",CHARLIE!NATURE,"LATE",CHARLIE!N:N,">0") -> 1 | T11: =COUNTIFS(CHARLIE!RANK,"3CL",CHARLIE!NATURE,"LATE",CHARLIE!N:N,">0") -> 5 | U11: =COUNTIFS(CHARLIE!RANK,"4CL",CHARLIE!NATURE,"LATE",CHARLIE!REMARKS,"ONGOING") -> 0 | W11: LATE | X11: =COUNTIFS(DELTA!RANK,"1CL",DELTA!NATURE,"LATE",DELTA!N:N,">0") -> 0 | Y11: =COUNTIFS(DELTA!RANK,"2CL",DELTA!NATURE,"LATE",DELTA!N:N,">0") -> 0 | Z11: =COUNTIFS(DELTA!RANK,"3CL",DELTA!NATURE,"LATE",DELTA!N:N,">0") -> 4 | AA11: =COUNTIFS(DELTA!RANK,"4CL",DELTA!NATURE,"LATE",DELTA!REMARKS,"ONGOING") -> 1 | AC11: LATE | AD11: =COUNTIFS(ECHO!RANK,"1CL",ECHO!NATURE,"LATE",ECHO!M:M,">0") -> 0 | AE11: =COUNTIFS(ECHO!RANK,"2CL",ECHO!NATURE,"LATE",ECHO!M:M,">0") -> 0 | AF11: =COUNTIFS(ECHO!RANK,"3CL",ECHO!NATURE,"LATE",ECHO!M:M,">0") -> 0 | AG11: =COUNTIFS(ECHO!RANK,"4CL",ECHO!NATURE,"LATE",ECHO!REMARKS,"ONGOING") -> 0 | AI11: LATE | AJ11: =COUNTIFS(FOXTROT!RANK,"1CL",FOXTROT!NATURE,"LATE",FOXTROT!N:N,">0") -> 0 | AK11: =COUNTIFS(FOXTROT!RANK,"2CL",FOXTROT!NATURE,"LATE",FOXTROT!N:N,">0") -> 0 | AL11: =COUNTIFS(FOXTROT!RANK,"3CL",FOXTROT!NATURE,"LATE",FOXTROT!N:N,">0") -> 0 | AM11: =COUNTIFS(FOXTROT!RANK,"4CL",FOXTROT!NATURE,"LATE",FOXTROT!REMARKS,"ONGOING") -> 1 | AO11: LATE | AP11: =COUNTIFS(GOLF!RANK,"1CL",GOLF!NATURE,"LATE",GOLF!N:N,">0") -> 0 | AQ11: =COUNTIFS(GOLF!RANK,"2CL",GOLF!NATURE,"LATE",GOLF!N:N,">0") -> 0 | AR11: =COUNTIFS(GOLF!RANK,"3CL",GOLF!NATURE,"LATE",GOLF!N:N,">0") -> 0 | AS11: =COUNTIFS(GOLF!RANK,"4CL",GOLF!NATURE,"LATE",GOLF!REMARKS,"ONGOING") -> 0 | AU11: LATE | AV11: =COUNTIFS(HAWK!RANK,"1CL",HAWK!NATURE,"LATE",HAWK!N:N,">0") -> 0 | AW11: =COUNTIFS(HAWK!RANK,"2CL",HAWK!NATURE,"LATE",HAWK!N:N,">0") -> 0 | AX11: =COUNTIFS(HAWK!RANK,"3CL",HAWK!NATURE,"LATE",HAWK!N:N,">0") -> 0 | AY11: =COUNTIFS(HAWK!RANK,"4CL",HAWK!NATURE,"LATE",HAWK!REMARKS,"ONGOING") -> 0 | BA11: LATE | BB11: =COUNTIFS(#REF!,"1CL",#REF!,"LATE",#REF!,"ONGOING") -> 0 | BC11: =COUNTIFS(#REF!,"2CL",#REF!,"LATE",#REF!,"ONGOING") -> 0 | BD11: =COUNTIFS(#REF!,"3CL",#REF!,"LATE",#REF!,"ONGOING") -> 0 | BE11: =COUNTIFS(#REF!,"4CL",#REF!,"LATE",#REF!,"ONGOING") -> 0
E12: NEGLIGENCE OF DUTY | F12: =COUNTIFS(RANK,"1CL",NATURE,"NEGLIGENCE OF DUTY",ALFA!N:N,">0") -> 0 | G12: =COUNTIFS(RANK,"2CL",NATURE,"NEGLIGENCE OF DUTY",ALFA!N:N,">0") -> 0 | H12: =COUNTIFS(RANK,"3CL",NATURE,"NEGLIGENCE OF DUTY",ALFA!N:N,">0") -> 0 | I12: =COUNTIFS(RANK,"4CL",NATURE,"NEGLIGENCE OF DUTY",REMARKS,"ONGOING") -> 0 | K12: NEGLIGENCE OF DUTY | L12: =COUNTIFS(BRAVO!RANK,"1CL",BRAVO!NATURE,"NEGLIGENCE OF DUTY",BRAVO!N:N,">0") -> 0 | M12: =COUNTIFS(BRAVO!RANK,"2CL",BRAVO!NATURE,"NEGLIGENCE OF DUTY",BRAVO!N:N,">0") -> 0 | N12: =COUNTIFS(BRAVO!RANK,"3CL",BRAVO!NATURE,"NEGLIGENCE OF DUTY",BRAVO!N:N,">0") -> 0 | O12: =COUNTIFS(BRAVO!RANK,"4CL",BRAVO!NATURE,"NEGLIGENCE OF DUTY",BRAVO!REMARKS,"ONGOING") -> 0 | Q12: NEGLIGENCE OF DUTY | R12: =COUNTIFS(CHARLIE!RANK,"1CL",CHARLIE!NATURE,"NEGLIGENCE OF DUTY",CHARLIE!N:N,">0") -> 0 | S12: =COUNTIFS(CHARLIE!RANK,"2CL",CHARLIE!NATURE,"NEGLIGENCE OF DUTY",CHARLIE!N:N,">0") -> 0 | T12: =COUNTIFS(CHARLIE!RANK,"3CL",CHARLIE!NATURE,"NEGLIGENCE OF DUTY",CHARLIE!N:N,">0") -> 2 | U12: =COUNTIFS(CHARLIE!RANK,"4CL",CHARLIE!NATURE,"NEGLIGENCE OF DUTY",CHARLIE!REMARKS,"ONGOING") -> 0 | W12: NEGLIGENCE OF DUTY | X12: =COUNTIFS(DELTA!RANK,"1CL",DELTA!NATURE,"NEGLIGENCE OF DUTY",DELTA!N:N,">0") -> 0 | Y12: =COUNTIFS(DELTA!RANK,"2CL",DELTA!NATURE,"NEGLIGENCE OF DUTY",DELTA!N:N,">0") -> 0 | Z12: =COUNTIFS(DELTA!RANK,"3CL",DELTA!NATURE,"NEGLIGENCE OF DUTY",DELTA!N:N,">0") -> 2 | AA12: =COUNTIFS(DELTA!RANK,"4CL",DELTA!NATURE,"NEGLIGENCE OF DUTY",DELTA!REMARKS,"ONGOING") -> 0 | AC12: NEGLIGENCE OF DUTY | AD12: =COUNTIFS(ECHO!RANK,"1CL",ECHO!NATURE,"NEGLIGENCE OF DUTY",ECHO!M:M,">0") -> 0 | AE12: =COUNTIFS(ECHO!RANK,"2CL",ECHO!NATURE,"NEGLIGENCE OF DUTY",ECHO!M:M,">0") -> 0 | AF12: =COUNTIFS(ECHO!RANK,"3CL",ECHO!NATURE,"NEGLIGENCE OF DUTY",ECHO!M:M,">0") -> 0 | AG12: =COUNTIFS(ECHO!RANK,"4CL",ECHO!NATURE,"NEGLIGENCE OF DUTY",ECHO!REMARKS,"ONGOING") -> 0 | AI12: NEGLIGENCE OF DUTY | AJ12: =COUNTIFS(FOXTROT!RANK,"1CL",FOXTROT!NATURE,"NEGLIGENCE OF DUTY",FOXTROT!N:N,">0") -> 0 | AK12: =COUNTIFS(FOXTROT!RANK,"2CL",FOXTROT!NATURE,"NEGLIGENCE OF DUTY",FOXTROT!N:N,">0") -> 0 | AL12: =COUNTIFS(FOXTROT!RANK,"3CL",FOXTROT!NATURE,"NEGLIGENCE OF DUTY",FOXTROT!N:N,">0") -> 0 | AM12: =COUNTIFS(FOXTROT!RANK,"4CL",FOXTROT!NATURE,"NEGLIGENCE OF DUTY",FOXTROT!REMARKS,"ONGOING") -> 0 | AO12: NEGLIGENCE OF DUTY | AP12: =COUNTIFS(GOLF!RANK,"1CL",GOLF!NATURE,"NEGLIGENCE OF DUTY",GOLF!N:N,">0") -> 0 | AQ12: =COUNTIFS(GOLF!RANK,"2CL",GOLF!NATURE,"NEGLIGENCE OF DUTY",GOLF!N:N,">0") -> 0 | AR12: =COUNTIFS(GOLF!RANK,"3CL",GOLF!NATURE,"NEGLIGENCE OF DUTY",GOLF!N:N,">0") -> 0 | AS12: =COUNTIFS(GOLF!RANK,"4CL",GOLF!NATURE,"NEGLIGENCE OF DUTY",GOLF!REMARKS,"ONGOING") -> 0 | AU12: NEGLIGENCE OF DUTY | AV12: =COUNTIFS(HAWK!RANK,"1CL",HAWK!NATURE,"NEGLIGENCE OF DUTY",HAWK!N:N,">0") -> 0 | AW12: =COUNTIFS(HAWK!RANK,"2CL",HAWK!NATURE,"NEGLIGENCE OF DUTY",HAWK!N:N,">0") -> 0 | AX12: =COUNTIFS(HAWK!RANK,"3CL",HAWK!NATURE,"NEGLIGENCE OF DUTY",HAWK!N:N,">0") -> 0 | AY12: =COUNTIFS(HAWK!RANK,"4CL",HAWK!NATURE,"NEGLIGENCE OF DUTY",HAWK!REMARKS,"ONGOING") -> 0 | BA12: NEGLIGENCE OF DUTY | BB12: =COUNTIFS(#REF!,"1CL",#REF!,"NEGLIGENCE OF DUTY",#REF!,"ONGOING") -> 0 | BC12: =COUNTIFS(#REF!,"2CL",#REF!,"NEGLIGENCE OF DUTY",#REF!,"ONGOING") -> 0 | BD12: =COUNTIFS(#REF!,"3CL",#REF!,"NEGLIGENCE OF DUTY",#REF!,"ONGOING") -> 0 | BE12: =COUNTIFS(#REF!,"4CL",#REF!,"NEGLIGENCE OF DUTY",#REF!,"ONGOING") -> 0
E13: POSSESSING/USING UNAUTHORIZED ITEM | F13: =COUNTIFS(RANK,"1CL",NATURE,"POSSESSING/USING UNAUTHORIZED ITEM",ALFA!N:N,">0") -> 0 | G13: =COUNTIFS(RANK,"2CL",NATURE,"POSSESSING/USING UNAUTHORIZED ITEM",ALFA!N:N,">0") -> 1 | H13: =COUNTIFS(RANK,"3CL",NATURE,"POSSESSING/USING UNAUTHORIZED ITEM",ALFA!N:N,">0") -> 0 | I13: =COUNTIFS(RANK,"4CL",NATURE,"POSSESSING/USING UNAUTHORIZED ITEM",REMARKS,"ONGOING") -> 0 | K13: POSSESSING/USING UNAUTHORIZED ITEM | L13: =COUNTIFS(BRAVO!RANK,"1CL",BRAVO!NATURE,"POSSESSING/USING UNAUTHORIZED ITEM",BRAVO!N:N,">0") -> 0 | M13: =COUNTIFS(BRAVO!RANK,"2CL",BRAVO!NATURE,"POSSESSING/USING UNAUTHORIZED ITEM",BRAVO!N:N,">0") -> 0 | N13: =COUNTIFS(BRAVO!RANK,"3CL",BRAVO!NATURE,"POSSESSING/USING UNAUTHORIZED ITEM",BRAVO!N:N,">0") -> 0 | O13: =COUNTIFS(BRAVO!RANK,"4CL",BRAVO!NATURE,"POSSESSING/USING UNAUTHORIZED ITEM",BRAVO!REMARKS,"ONGOING") -> 0 | Q13: POSSESSING/USING UNAUTHORIZED ITEM | R13: =COUNTIFS(CHARLIE!RANK,"1CL",CHARLIE!NATURE,"POSSESSING/USING UNAUTHORIZED ITEM",CHARLIE!N:N,">0") -> 0 | S13: =COUNTIFS(CHARLIE!RANK,"2CL",CHARLIE!NATURE,"POSSESSING/USING UNAUTHORIZED ITEM",CHARLIE!N:N,">0") -> 1 | T13: =COUNTIFS(CHARLIE!RANK,"3CL",CHARLIE!NATURE,"POSSESSING/USING UNAUTHORIZED ITEM",CHARLIE!N:N,">0") -> 2 | U13: =COUNTIFS(CHARLIE!RANK,"4CL",CHARLIE!NATURE,"POSSESSING/USING UNAUTHORIZED ITEM",CHARLIE!REMARKS,"ONGOING") -> 0 | W13: POSSESSING/USING UNAUTHORIZED ITEM | X13: =COUNTIFS(DELTA!RANK,"1CL",DELTA!NATURE,"POSSESSING/USING UNAUTHORIZED ITEM",DELTA!N:N,">0") -> 0 | Y13: =COUNTIFS(DELTA!RANK,"2CL",DELTA!NATURE,"POSSESSING/USING UNAUTHORIZED ITEM",DELTA!N:N,">0") -> 1 | Z13: =COUNTIFS(DELTA!RANK,"3CL",DELTA!NATURE,"POSSESSING/USING UNAUTHORIZED ITEM",DELTA!N:N,">0") -> 0 | AA13: =COUNTIFS(DELTA!RANK,"4CL",DELTA!NATURE,"POSSESSING/USING UNAUTHORIZED ITEM",DELTA!REMARKS,"ONGOING") -> 0 | AC13: POSSESSING/USING UNAUTHORIZED ITEM | AD13: =COUNTIFS(ECHO!RANK,"1CL",ECHO!NATURE,"POSSESSING/USING UNAUTHORIZED ITEM",ECHO!M:M,">0") -> 0 | AE13: =COUNTIFS(ECHO!RANK,"2CL",ECHO!NATURE,"POSSESSING/USING UNAUTHORIZED ITEM",ECHO!M:M,">0") -> 1 | AF13: =COUNTIFS(ECHO!RANK,"3CL",ECHO!NATURE,"POSSESSING/USING UNAUTHORIZED ITEM",ECHO!M:M,">0") -> 0 | AG13: =COUNTIFS(ECHO!RANK,"4CL",ECHO!NATURE,"POSSESSING/USING UNAUTHORIZED ITEM",ECHO!REMARKS,"ONGOING") -> 0 | AI13: POSSESSING/USING UNAUTHORIZED ITEM | AJ13: =COUNTIFS(FOXTROT!RANK,"1CL",FOXTROT!NATURE,"POSSESSING/USING UNAUTHORIZED ITEM",FOXTROT!N:N,">0") -> 0 | AK13: =COUNTIFS(FOXTROT!RANK,"2CL",FOXTROT!NATURE,"POSSESSING/USING UNAUTHORIZED ITEM",FOXTROT!N:N,">0") -> 1 | AL13: =COUNTIFS(FOXTROT!RANK,"3CL",FOXTROT!NATURE,"POSSESSING/USING UNAUTHORIZED ITEM",FOXTROT!N:N,">0") -> 0 | AM13: =COUNTIFS(FOXTROT!RANK,"4CL",FOXTROT!NATURE,"POSSESSING/USING UNAUTHORIZED ITEM",FOXTROT!REMARKS,"ONGOING") -> 0 | AO13: POSSESSING/USING UNAUTHORIZED ITEM | AP13: =COUNTIFS(GOLF!RANK,"1CL",GOLF!NATURE,"POSSESSING/USING UNAUTHORIZED ITEM",GOLF!N:N,">0") -> 0 | AQ13: =COUNTIFS(GOLF!RANK,"2CL",GOLF!NATURE,"POSSESSING/USING UNAUTHORIZED ITEM",GOLF!N:N,">0") -> 0 | AR13: =COUNTIFS(GOLF!RANK,"3CL",GOLF!NATURE,"POSSESSING/USING UNAUTHORIZED ITEM",GOLF!N:N,">0") -> 0 | AS13: =COUNTIFS(GOLF!RANK,"4CL",GOLF!NATURE,"POSSESSING/USING UNAUTHORIZED ITEM",GOLF!REMARKS,"ONGOING") -> 0 | AU13: POSSESSING/USING UNAUTHORIZED ITEM | AV13: =COUNTIFS(HAWK!RANK,"1CL",HAWK!NATURE,"POSSESSING/USING UNAUTHORIZED ITEM",HAWK!N:N,">0") -> 0 | AW13: =COUNTIFS(HAWK!RANK,"2CL",HAWK!NATURE,"POSSESSING/USING UNAUTHORIZED ITEM",HAWK!N:N,">0") -> 0 | AX13: =COUNTIFS(HAWK!RANK,"3CL",HAWK!NATURE,"POSSESSING/USING UNAUTHORIZED ITEM",HAWK!N:N,">0") -> 1 | AY13: =COUNTIFS(HAWK!RANK,"4CL",HAWK!NATURE,"POSSESSING/USING UNAUTHORIZED ITEM",HAWK!REMARKS,"ONGOING") -> 0 | BA13: POSSESSING/USING UNAUTHORIZED ITEM | BB13: =COUNTIFS(#REF!,"1CL",#REF!,"POSSESSING/USING UNAUTHORIZED ITEM",#REF!,"ONGOING") -> 0 | BC13: =COUNTIFS(#REF!,"2CL",#REF!,"POSSESSING/USING UNAUTHORIZED ITEM",#REF!,"ONGOING") -> 0 | BD13: =COUNTIFS(#REF!,"3CL",#REF!,"POSSESSING/USING UNAUTHORIZED ITEM",#REF!,"ONGOING") -> 0 | BE13: =COUNTIFS(#REF!,"4CL",#REF!,"POSSESSING/USING UNAUTHORIZED ITEM",#REF!,"ONGOING") -> 0
E14: DOING UNAUTHORIZED THINGS | F14: =COUNTIFS(RANK,"1CL",NATURE,"DOING UNAUTHORIZED THINGS",ALFA!N:N,">0") -> 0 | G14: =COUNTIFS(RANK,"2CL",NATURE,"DOING UNAUTHORIZED THINGS",ALFA!N:N,">0") -> 3 | H14: =COUNTIFS(RANK,"3CL",NATURE,"DOING UNAUTHORIZED THINGS",ALFA!N:N,">0") -> 0 | I14: =COUNTIFS(RANK,"4CL",NATURE,"DOING UNAUTHORIZED THINGS",REMARKS,"ONGOING") -> 0 | K14: DOING UNAUTHORIZED THINGS | L14: =COUNTIFS(BRAVO!RANK,"1CL",BRAVO!NATURE,"DOING UNAUTHORIZED THINGS",BRAVO!N:N,">0") -> 0 | M14: =COUNTIFS(BRAVO!RANK,"2CL",BRAVO!NATURE,"DOING UNAUTHORIZED THINGS",BRAVO!N:N,">0") -> 0 | N14: =COUNTIFS(BRAVO!RANK,"3CL",BRAVO!NATURE,"DOING UNAUTHORIZED THINGS",BRAVO!N:N,">0") -> 0 | O14: =COUNTIFS(BRAVO!RANK,"4CL",BRAVO!NATURE,"DOING UNAUTHORIZED THINGS",BRAVO!REMARKS,"ONGOING") -> 0 | Q14: DOING UNAUTHORIZED THINGS | R14: =COUNTIFS(CHARLIE!RANK,"1CL",CHARLIE!NATURE,"DOING UNAUTHORIZED THINGS",CHARLIE!N:N,">0") -> 1 | S14: =COUNTIFS(CHARLIE!RANK,"2CL",CHARLIE!NATURE,"DOING UNAUTHORIZED THINGS",CHARLIE!N:N,">0") -> 1 | T14: =COUNTIFS(CHARLIE!RANK,"3CL",CHARLIE!NATURE,"DOING UNAUTHORIZED THINGS",CHARLIE!N:N,">0") -> 4 | U14: =COUNTIFS(CHARLIE!RANK,"4CL",CHARLIE!NATURE,"DOING UNAUTHORIZED THINGS",CHARLIE!REMARKS,"ONGOING") -> 0 | W14: DOING UNAUTHORIZED THINGS | X14: =COUNTIFS(DELTA!RANK,"1CL",DELTA!NATURE,"DOING UNAUTHORIZED THINGS",DELTA!N:N,">0") -> 1 | Y14: =COUNTIFS(DELTA!RANK,"2CL",DELTA!NATURE,"DOING UNAUTHORIZED THINGS",DELTA!N:N,">0") -> 2 | Z14: =COUNTIFS(DELTA!RANK,"3CL",DELTA!NATURE,"DOING UNAUTHORIZED THINGS",DELTA!N:N,">0") -> 0 | AA14: =COUNTIFS(DELTA!RANK,"4CL",DELTA!NATURE,"DOING UNAUTHORIZED THINGS",DELTA!REMARKS,"ONGOING") -> 1 | AC14: DOING UNAUTHORIZED THINGS | AD14: =COUNTIFS(ECHO!RANK,"1CL",ECHO!NATURE,"DOING UNAUTHORIZED THINGS",ECHO!M:M,">0") -> 0 | AE14: =COUNTIFS(ECHO!RANK,"2CL",ECHO!NATURE,"DOING UNAUTHORIZED THINGS",ECHO!M:M,">0") -> 1 | AF14: =COUNTIFS(ECHO!RANK,"3CL",ECHO!NATURE,"DOING UNAUTHORIZED THINGS",ECHO!M:M,">0") -> 0 | AG14: =COUNTIFS(ECHO!RANK,"4CL",ECHO!NATURE,"DOING UNAUTHORIZED THINGS",ECHO!REMARKS,"ONGOING") -> 0 | AI14: DOING UNAUTHORIZED THINGS | AJ14: =COUNTIFS(FOXTROT!RANK,"1CL",FOXTROT!NATURE,"DOING UNAUTHORIZED THINGS",FOXTROT!N:N,">0") -> 0 | AK14: =COUNTIFS(FOXTROT!RANK,"2CL",FOXTROT!NATURE,"DOING UNAUTHORIZED THINGS",FOXTROT!N:N,">0") -> 1 | AL14: =COUNTIFS(FOXTROT!RANK,"3CL",FOXTROT!NATURE,"DOING UNAUTHORIZED THINGS",FOXTROT!N:N,">0") -> 0 | AM14: =COUNTIFS(FOXTROT!RANK,"4CL",FOXTROT!NATURE,"DOING UNAUTHORIZED THINGS",FOXTROT!REMARKS,"ONGOING") -> 1 | AO14: DOING UNAUTHORIZED THINGS | AP14: =COUNTIFS(GOLF!RANK,"1CL",GOLF!NATURE,"DOING UNAUTHORIZED THINGS",GOLF!N:N,">0") -> 0 | AQ14: =COUNTIFS(GOLF!RANK,"2CL",GOLF!NATURE,"DOING UNAUTHORIZED THINGS",GOLF!N:N,">0") -> 0 | AR14: =COUNTIFS(GOLF!RANK,"3CL",GOLF!NATURE,"DOING UNAUTHORIZED THINGS",GOLF!N:N,">0") -> 0 | AS14: =COUNTIFS(GOLF!RANK,"4CL",GOLF!NATURE,"DOING UNAUTHORIZED THINGS",GOLF!REMARKS,"ONGOING") -> 0 | AU14: DOING UNAUTHORIZED THINGS | AV14: =COUNTIFS(HAWK!RANK,"1CL",HAWK!NATURE,"DOING UNAUTHORIZED THINGS",HAWK!N:N,">0") -> 0 | AW14: =COUNTIFS(HAWK!RANK,"2CL",HAWK!NATURE,"DOING UNAUTHORIZED THINGS",HAWK!N:N,">0") -> 1 | AX14: =COUNTIFS(HAWK!RANK,"3CL",HAWK!NATURE,"DOING UNAUTHORIZED THINGS",HAWK!N:N,">0") -> 0 | AY14: =COUNTIFS(HAWK!RANK,"4CL",HAWK!NATURE,"DOING UNAUTHORIZED THINGS",HAWK!REMARKS,"ONGOING") -> 0 | BA14: DOING UNAUTHORIZED THINGS | BB14: =COUNTIFS(#REF!,"1CL",#REF!,"DOING UNAUTHORIZED THINGS",#REF!,"ONGOING") -> 0 | BC14: =COUNTIFS(#REF!,"2CL",#REF!,"DOING UNAUTHORIZED THINGS",#REF!,"ONGOING") -> 0 | BD14: =COUNTIFS(#REF!,"3CL",#REF!,"DOING UNAUTHORIZED THINGS",#REF!,"ONGOING") -> 0 | BE14: =COUNTIFS(#REF!,"4CL",#REF!,"DOING UNAUTHORIZED THINGS",#REF!,"ONGOING") -> 0
E15: SEXUAL MISCONDUCT/HARASSMENT | F15: =COUNTIFS(RANK,"1CL",NATURE,"SEXUAL MISCONDUCT/HARASSMENT",ALFA!N:N,">0") -> 0 | G15: =COUNTIFS(RANK,"2CL",NATURE,"SEXUAL MISCONDUCT/HARASSMENT",ALFA!N:N,">0") -> 0 | H15: =COUNTIFS(RANK,"3CL",NATURE,"SEXUAL MISCONDUCT/HARASSMENT",ALFA!N:N,">0") -> 0 | I15: =COUNTIFS(RANK,"4CL",NATURE,"SEXUAL MISCONDUCT/HARASSMENT",REMARKS,"ONGOING") -> 0 | K15: SEXUAL MISCONDUCT/HARASSMENT | L15: =COUNTIFS(BRAVO!RANK,"1CL",BRAVO!NATURE,"SEXUAL MISCONDUCT/HARASSMENT",BRAVO!N:N,">0") -> 0 | M15: =COUNTIFS(BRAVO!RANK,"2CL",BRAVO!NATURE,"SEXUAL MISCONDUCT/HARASSMENT",BRAVO!N:N,">0") -> 0 | N15: =COUNTIFS(BRAVO!RANK,"3CL",BRAVO!NATURE,"SEXUAL MISCONDUCT/HARASSMENT",BRAVO!N:N,">0") -> 0 | O15: =COUNTIFS(BRAVO!RANK,"4CL",BRAVO!NATURE,"SEXUAL MISCONDUCT/HARASSMENT",BRAVO!REMARKS,"ONGOING") -> 0 | Q15: SEXUAL MISCONDUCT/HARASSMENT | R15: =COUNTIFS(CHARLIE!RANK,"1CL",CHARLIE!NATURE,"SEXUAL MISCONDUCT/HARASSMENT",CHARLIE!N:N,">0") -> 0 | S15: =COUNTIFS(CHARLIE!RANK,"2CL",CHARLIE!NATURE,"SEXUAL MISCONDUCT/HARASSMENT",CHARLIE!N:N,">0") -> 0 | T15: =COUNTIFS(CHARLIE!RANK,"3CL",CHARLIE!NATURE,"SEXUAL MISCONDUCT/HARASSMENT",CHARLIE!N:N,">0") -> 0 | U15: =COUNTIFS(CHARLIE!RANK,"4CL",CHARLIE!NATURE,"SEXUAL MISCONDUCT/HARASSMENT",CHARLIE!REMARKS,"ONGOING") -> 0 | W15: SEXUAL MISCONDUCT/HARASSMENT | X15: =COUNTIFS(DELTA!RANK,"1CL",DELTA!NATURE,"SEXUAL MISCONDUCT/HARASSMENT",DELTA!N:N,">0") -> 0 | Y15: =COUNTIFS(DELTA!RANK,"2CL",DELTA!NATURE,"SEXUAL MISCONDUCT/HARASSMENT",DELTA!N:N,">0") -> 0 | Z15: =COUNTIFS(DELTA!RANK,"3CL",DELTA!NATURE,"SEXUAL MISCONDUCT/HARASSMENT",DELTA!N:N,">0") -> 0 | AA15: =COUNTIFS(DELTA!RANK,"4CL",DELTA!NATURE,"SEXUAL MISCONDUCT/HARASSMENT",DELTA!REMARKS,"ONGOING") -> 0 | AC15: SEXUAL MISCONDUCT/HARASSMENT | AD15: =COUNTIFS(ECHO!RANK,"1CL",ECHO!NATURE,"SEXUAL MISCONDUCT/HARASSMENT",ECHO!M:M,">0") -> 0 | AE15: =COUNTIFS(ECHO!RANK,"2CL",ECHO!NATURE,"SEXUAL MISCONDUCT/HARASSMENT",ECHO!M:M,">0") -> 0 | AF15: =COUNTIFS(ECHO!RANK,"3CL",ECHO!NATURE,"SEXUAL MISCONDUCT/HARASSMENT",ECHO!M:M,">0") -> 0 | AG15: =COUNTIFS(ECHO!RANK,"4CL",ECHO!NATURE,"SEXUAL MISCONDUCT/HARASSMENT",ECHO!REMARKS,"ONGOING") -> 0 | AI15: SEXUAL MISCONDUCT/HARASSMENT | AJ15: =COUNTIFS(FOXTROT!RANK,"1CL",FOXTROT!NATURE,"SEXUAL MISCONDUCT/HARASSMENT",FOXTROT!N:N,">0") -> 0 | AK15: =COUNTIFS(FOXTROT!RANK,"2CL",FOXTROT!NATURE,"SEXUAL MISCONDUCT/HARASSMENT",FOXTROT!N:N,">0") -> 0 | AL15: =COUNTIFS(FOXTROT!RANK,"3CL",FOXTROT!NATURE,"SEXUAL MISCONDUCT/HARASSMENT",FOXTROT!N:N,">0") -> 0 | AM15: =COUNTIFS(FOXTROT!RANK,"4CL",FOXTROT!NATURE,"SEXUAL MISCONDUCT/HARASSMENT",FOXTROT!REMARKS,"ONGOING") -> 0 | AO15: SEXUAL MISCONDUCT/HARASSMENT | AP15: =COUNTIFS(GOLF!RANK,"1CL",GOLF!NATURE,"SEXUAL MISCONDUCT/HARASSMENT",GOLF!N:N,">0") -> 0 | AQ15: =COUNTIFS(GOLF!RANK,"2CL",GOLF!NATURE,"SEXUAL MISCONDUCT/HARASSMENT",GOLF!N:N,">0") -> 0 | AR15: =COUNTIFS(GOLF!RANK,"3CL",GOLF!NATURE,"SEXUAL MISCONDUCT/HARASSMENT",GOLF!N:N,">0") -> 0 | AS15: =COUNTIFS(GOLF!RANK,"4CL",GOLF!NATURE,"SEXUAL MISCONDUCT/HARASSMENT",GOLF!REMARKS,"ONGOING") -> 0 | AU15: SEXUAL MISCONDUCT/HARASSMENT | AV15: =COUNTIFS(HAWK!RANK,"1CL",HAWK!NATURE,"SEXUAL MISCONDUCT/HARASSMENT",HAWK!N:N,">0") -> 0 | AW15: =COUNTIFS(HAWK!RANK,"2CL",HAWK!NATURE,"SEXUAL MISCONDUCT/HARASSMENT",HAWK!N:N,">0") -> 0 | AX15: =COUNTIFS(HAWK!RANK,"3CL",HAWK!NATURE,"SEXUAL MISCONDUCT/HARASSMENT",HAWK!N:N,">0") -> 0 | AY15: =COUNTIFS(HAWK!RANK,"4CL",HAWK!NATURE,"SEXUAL MISCONDUCT/HARASSMENT",HAWK!REMARKS,"ONGOING") -> 0 | BA15: SEXUAL MISCONDUCT/HARASSMENT | BB15: =COUNTIFS(#REF!,"1CL",#REF!,"SEXUAL MISCONDUCT/HARASSMENT",#REF!,"ONGOING") -> 0 | BC15: =COUNTIFS(#REF!,"2CL",#REF!,"SEXUAL MISCONDUCT/HARASSMENT",#REF!,"ONGOING") -> 0 | BD15: =COUNTIFS(#REF!,"3CL",#REF!,"SEXUAL MISCONDUCT/HARASSMENT",#REF!,"ONGOING") -> 0 | BE15: =COUNTIFS(#REF!,"4CL",#REF!,"SEXUAL MISCONDUCT/HARASSMENT",#REF!,"ONGOING") -> 0
E16: MALTREATMENT/NTP/CTP | F16: =COUNTIFS(RANK,"1CL",NATURE,"UMALTREATMENT/NTP/CTP",ALFA!N:N,">0") -> 0 | G16: =COUNTIFS(RANK,"2CL",NATURE,"MALTREATMENT/NTP/CTP",ALFA!N:N,">0") -> 0 | H16: =COUNTIFS(RANK,"3CL",NATURE,"MALTREATMENT/NTP/CTP",ALFA!N:N,">0") -> 0 | I16: =COUNTIFS(RANK,"4CL",NATURE,"MALTREATMENT/NTP/CTP",REMARKS,"ONGOING") -> 0 | K16: MALTREATMENT/NTP/CTP | L16: =COUNTIFS(BRAVO!RANK,"1CL",BRAVO!NATURE,"MALTREATMENT/NTP/CTP",BRAVO!N:N,">0") -> 0 | M16: =COUNTIFS(BRAVO!RANK,"2CL",BRAVO!NATURE,"MALTREATMENT/NTP/CTP",BRAVO!N:N,">0") -> 0 | N16: =COUNTIFS(BRAVO!RANK,"3CL",BRAVO!NATURE,"MALTREATMENT/NTP/CTP",BRAVO!N:N,">0") -> 0 | O16: =COUNTIFS(BRAVO!RANK,"4CL",BRAVO!NATURE,"MALTREATMENT/NTP/CTP",BRAVO!REMARKS,"ONGOING") -> 0 | Q16: MALTREATMENT/NTP/CTP | R16: =COUNTIFS(CHARLIE!RANK,"1CL",CHARLIE!NATURE,"MALTREATMENT/NTP/CTP",CHARLIE!N:N,">0") -> 0 | S16: =COUNTIFS(CHARLIE!RANK,"2CL",CHARLIE!NATURE,"MALTREATMENT/NTP/CTP",CHARLIE!N:N,">0") -> 0 | T16: =COUNTIFS(CHARLIE!RANK,"3CL",CHARLIE!NATURE,"MALTREATMENT/NTP/CTP",CHARLIE!N:N,">0") -> 0 | U16: =COUNTIFS(CHARLIE!RANK,"4CL",CHARLIE!NATURE,"MALTREATMENT/NTP/CTP",CHARLIE!REMARKS,"ONGOING") -> 0 | W16: MALTREATMENT/NTP/CTP | X16: =COUNTIFS(DELTA!RANK,"1CL",DELTA!NATURE,"MALTREATMENT/NTP/CTP",DELTA!N:N,">0") -> 0 | Y16: =COUNTIFS(DELTA!RANK,"2CL",DELTA!NATURE,"MALTREATMENT/NTP/CTP",DELTA!N:N,">0") -> 1 | Z16: =COUNTIFS(DELTA!RANK,"3CL",DELTA!NATURE,"MALTREATMENT/NTP/CTP",DELTA!N:N,">0") -> 0 | AA16: =COUNTIFS(DELTA!RANK,"4CL",DELTA!NATURE,"MALTREATMENT/NTP/CTP",DELTA!REMARKS,"ONGOING") -> 0 | AC16: MALTREATMENT/NTP/CTP | AD16: =COUNTIFS(ECHO!RANK,"1CL",ECHO!NATURE,"MALTREATMENT/NTP/CTP",ECHO!M:M,">0") -> 0 | AE16: =COUNTIFS(ECHO!RANK,"2CL",ECHO!NATURE,"MALTREATMENT/NTP/CTP",ECHO!M:M,">0") -> 0 | AF16: =COUNTIFS(ECHO!RANK,"3CL",ECHO!NATURE,"MALTREATMENT/NTP/CTP",ECHO!M:M,">0") -> 0 | AG16: =COUNTIFS(ECHO!RANK,"4CL",ECHO!NATURE,"MALTREATMENT/NTP/CTP",ECHO!REMARKS,"ONGOING") -> 0 | AI16: MALTREATMENT/NTP/CTP | AJ16: =COUNTIFS(FOXTROT!RANK,"1CL",FOXTROT!NATURE,"MALTREATMENT/NTP/CTP",FOXTROT!N:N,">0") -> 0 | AK16: =COUNTIFS(FOXTROT!RANK,"2CL",FOXTROT!NATURE,"MALTREATMENT/NTP/CTP",FOXTROT!N:N,">0") -> 1 | AL16: =COUNTIFS(FOXTROT!RANK,"3CL",FOXTROT!NATURE,"MALTREATMENT/NTP/CTP",FOXTROT!N:N,">0") -> 0 | AM16: =COUNTIFS(FOXTROT!RANK,"4CL",FOXTROT!NATURE,"MALTREATMENT/NTP/CTP",FOXTROT!REMARKS,"ONGOING") -> 0 | AO16: MALTREATMENT/NTP/CTP | AP16: =COUNTIFS(GOLF!RANK,"1CL",GOLF!NATURE,"MALTREATMENT/NTP/CTP",GOLF!N:N,">0") -> 0 | AQ16: =COUNTIFS(GOLF!RANK,"2CL",GOLF!NATURE,"MALTREATMENT/NTP/CTP",GOLF!N:N,">0") -> 0 | AR16: =COUNTIFS(GOLF!RANK,"3CL",GOLF!NATURE,"MALTREATMENT/NTP/CTP",GOLF!N:N,">0") -> 0 | AS16: =COUNTIFS(GOLF!RANK,"4CL",GOLF!NATURE,"MALTREATMENT/NTP/CTP",GOLF!REMARKS,"ONGOING") -> 0 | AU16: MALTREATMENT/NTP/CTP | AV16: =COUNTIFS(HAWK!RANK,"1CL",HAWK!NATURE,"MALTREATMENT/NTP/CTP",HAWK!N:N,">0") -> 0 | AW16: =COUNTIFS(HAWK!RANK,"2CL",HAWK!NATURE,"MALTREATMENT/NTP/CTP",HAWK!N:N,">0") -> 0 | AX16: =COUNTIFS(HAWK!RANK,"3CL",HAWK!NATURE,"MALTREATMENT/NTP/CTP",HAWK!N:N,">0") -> 0 | AY16: =COUNTIFS(HAWK!RANK,"4CL",HAWK!NATURE,"MALTREATMENT/NTP/CTP",HAWK!REMARKS,"ONGOING") -> 0 | BA16: MALTREATMENT/NTP/CTP | BB16: =COUNTIFS(#REF!,"1CL",#REF!,"MALTREATMENT/NTP/CTP",#REF!,"ONGOING") -> 0 | BC16: =COUNTIFS(#REF!,"2CL",#REF!,"MALTREATMENT/NTP/CTP",#REF!,"ONGOING") -> 0 | BD16: =COUNTIFS(#REF!,"3CL",#REF!,"MALTREATMENT/NTP/CTP",#REF!,"ONGOING") -> 0 | BE16: =COUNTIFS(#REF!,"4CL",#REF!,"MALTREATMENT/NTP/CTP",#REF!,"ONGOING") -> 0
E17: HONOR | F17: =COUNTIFS(RANK,"1CL",NATURE,"HONOR",ALFA!N:N,">0") -> 0 | G17: =COUNTIFS(RANK,"2CL",NATURE,"HONOR",ALFA!N:N,">0") -> 0 | H17: =COUNTIFS(RANK,"3CL",NATURE,"HONOR",ALFA!N:N,">0") -> 0 | I17: =COUNTIFS(RANK,"4CL",NATURE,"HONOR",REMARKS,"ONGOING") -> 0 | K17: HONOR | L17: =COUNTIFS(BRAVO!RANK,"1CL",BRAVO!NATURE,"HONOR",BRAVO!N:N,">0") -> 0 | M17: =COUNTIFS(BRAVO!RANK,"2CL",BRAVO!NATURE,"HONOR",BRAVO!N:N,">0") -> 0 | N17: =COUNTIFS(BRAVO!RANK,"3CL",BRAVO!NATURE,"HONOR",BRAVO!N:N,">0") -> 0 | O17: =COUNTIFS(BRAVO!RANK,"4CL",BRAVO!NATURE,"HONOR",BRAVO!REMARKS,"ONGOING") -> 0 | Q17: HONOR | R17: =COUNTIFS(CHARLIE!RANK,"1CL",CHARLIE!NATURE,"HONOR",CHARLIE!N:N,">0") -> 0 | S17: =COUNTIFS(CHARLIE!RANK,"2CL",CHARLIE!NATURE,"HONOR",CHARLIE!N:N,">0") -> 0 | T17: =COUNTIFS(CHARLIE!RANK,"3CL",CHARLIE!NATURE,"HONOR",CHARLIE!N:N,">0") -> 0 | U17: =COUNTIFS(CHARLIE!RANK,"4CL",CHARLIE!NATURE,"HONOR",CHARLIE!REMARKS,"ONGOING") -> 0 | W17: HONOR | X17: =COUNTIFS(DELTA!RANK,"1CL",DELTA!NATURE,"HONOR",DELTA!N:N,">0") -> 0 | Y17: =COUNTIFS(DELTA!RANK,"2CL",DELTA!NATURE,"HONOR",DELTA!N:N,">0") -> 0 | Z17: =COUNTIFS(DELTA!RANK,"3CL",DELTA!NATURE,"HONOR",DELTA!N:N,">0") -> 0 | AA17: =COUNTIFS(DELTA!RANK,"4CL",DELTA!NATURE,"HONOR",DELTA!REMARKS,"ONGOING") -> 0 | AC17: HONOR | AD17: =COUNTIFS(ECHO!RANK,"1CL",ECHO!NATURE,"HONOR",ECHO!M:M,">0") -> 0 | AE17: =COUNTIFS(ECHO!RANK,"2CL",ECHO!NATURE,"HONOR",ECHO!M:M,">0") -> 0 | AF17: =COUNTIFS(ECHO!RANK,"3CL",ECHO!NATURE,"HONOR",ECHO!M:M,">0") -> 0 | AG17: =COUNTIFS(ECHO!RANK,"4CL",ECHO!NATURE,"HONOR",ECHO!REMARKS,"ONGOING") -> 0 | AI17: HONOR | AJ17: =COUNTIFS(FOXTROT!RANK,"1CL",FOXTROT!NATURE,"HONOR",FOXTROT!N:N,">0") -> 0 | AK17: =COUNTIFS(FOXTROT!RANK,"2CL",FOXTROT!NATURE,"HONOR",FOXTROT!N:N,">0") -> 0 | AL17: =COUNTIFS(FOXTROT!RANK,"3CL",FOXTROT!NATURE,"HONOR",FOXTROT!N:N,">0") -> 0 | AM17: =COUNTIFS(FOXTROT!RANK,"4CL",FOXTROT!NATURE,"HONOR",FOXTROT!REMARKS,"ONGOING") -> 0 | AO17: HONOR | AP17: =COUNTIFS(GOLF!RANK,"1CL",GOLF!NATURE,"HONOR",GOLF!N:N,">0") -> 0 | AQ17: =COUNTIFS(GOLF!RANK,"2CL",GOLF!NATURE,"HONOR",GOLF!N:N,">0") -> 0 | AR17: =COUNTIFS(GOLF!RANK,"3CL",GOLF!NATURE,"HONOR",GOLF!N:N,">0") -> 0 | AS17: =COUNTIFS(GOLF!RANK,"4CL",GOLF!NATURE,"HONOR",GOLF!REMARKS,"ONGOING") -> 0 | AU17: HONOR | AV17: =COUNTIFS(HAWK!RANK,"1CL",HAWK!NATURE,"HONOR",HAWK!N:N,">0") -> 0 | AW17: =COUNTIFS(HAWK!RANK,"2CL",HAWK!NATURE,"HONOR",HAWK!N:N,">0") -> 0 | AX17: =COUNTIFS(HAWK!RANK,"3CL",HAWK!NATURE,"HONOR",HAWK!N:N,">0") -> 0 | AY17: =COUNTIFS(HAWK!RANK,"4CL",HAWK!NATURE,"HONOR",HAWK!REMARKS,"ONGOING") -> 0 | BA17: HONOR | BB17: =COUNTIFS(#REF!,"1CL",#REF!,"HONOR",#REF!,"ONGOING") -> 0 | BC17: =COUNTIFS(#REF!,"2CL",#REF!,"HONOR",#REF!,"ONGOING") -> 0 | BD17: =COUNTIFS(#REF!,"3CL",#REF!,"HONOR",#REF!,"ONGOING") -> 0 | BE17: =COUNTIFS(#REF!,"4CL",#REF!,"HONOR",#REF!,"ONGOING") -> 0
E18: CLEANLINESS OF ROOM | F18: =COUNTIFS(RANK,"1CL",NATURE,"CLEANLINESS OF ROOM",ALFA!N:N,">0") -> 0 | G18: =COUNTIFS(RANK,"2CL",NATURE,"CLEANLINESS OF ROOM",ALFA!N:N,">0") -> 0 | H18: =COUNTIFS(RANK,"3CL",NATURE,"CLEANLINESS OF ROOM",ALFA!N:N,">0") -> 0 | I18: =COUNTIFS(RANK,"4CL",NATURE,"CLEANLINESS OF ROOM",REMARKS,"ONGOING") -> 0 | K18: CLEANLINESS OF ROOM | L18: =COUNTIFS(BRAVO!RANK,"1CL",BRAVO!NATURE,"CLEANLINESS OF ROOM",BRAVO!N:N,">0") -> 0 | M18: =COUNTIFS(BRAVO!RANK,"2CL",BRAVO!NATURE,"CLEANLINESS OF ROOM",BRAVO!N:N,">0") -> 0 | N18: =COUNTIFS(BRAVO!RANK,"3CL",BRAVO!NATURE,"CLEANLINESS OF ROOM",BRAVO!N:N,">0") -> 0 | O18: =COUNTIFS(BRAVO!RANK,"4CL",BRAVO!NATURE,"CLEANLINESS OF ROOM",BRAVO!REMARKS,"ONGOING") -> 0 | Q18: CLEANLINESS OF ROOM | R18: =COUNTIFS(CHARLIE!RANK,"1CL",CHARLIE!NATURE,"CLEANLINESS OF ROOM",CHARLIE!N:N,">0") -> 0 | S18: =COUNTIFS(CHARLIE!RANK,"2CL",CHARLIE!NATURE,"CLEANLINESS OF ROOM",CHARLIE!N:N,">0") -> 0 | T18: =COUNTIFS(CHARLIE!RANK,"3CL",CHARLIE!NATURE,"CLEANLINESS OF ROOM",CHARLIE!N:N,">0") -> 0 | U18: =COUNTIFS(CHARLIE!RANK,"4CL",CHARLIE!NATURE,"CLEANLINESS OF ROOM",CHARLIE!REMARKS,"ONGOING") -> 0 | W18: CLEANLINESS OF ROOM | X18: =COUNTIFS(DELTA!RANK,"1CL",DELTA!NATURE,"CLEANLINESS OF ROOM",DELTA!N:N,">0") -> 0 | Y18: =COUNTIFS(DELTA!RANK,"2CL",DELTA!NATURE,"CLEANLINESS OF ROOM",DELTA!N:N,">0") -> 0 | Z18: =COUNTIFS(DELTA!RANK,"3CL",DELTA!NATURE,"CLEANLINESS OF ROOM",DELTA!N:N,">0") -> 0 | AA18: =COUNTIFS(DELTA!RANK,"4CL",DELTA!NATURE,"CLEANLINESS OF ROOM",DELTA!REMARKS,"ONGOING") -> 0 | AC18: CLEANLINESS OF ROOM | AD18: =COUNTIFS(ECHO!RANK,"1CL",ECHO!NATURE,"CLEANLINESS OF ROOM",ECHO!M:M,">0") -> 0 | AE18: =COUNTIFS(ECHO!RANK,"2CL",ECHO!NATURE,"CLEANLINESS OF ROOM",ECHO!M:M,">0") -> 0 | AF18: =COUNTIFS(ECHO!RANK,"3CL",ECHO!NATURE,"CLEANLINESS OF ROOM",ECHO!M:M,">0") -> 0 | AG18: =COUNTIFS(ECHO!RANK,"4CL",ECHO!NATURE,"CLEANLINESS OF ROOM",ECHO!REMARKS,"ONGOING") -> 0 | AI18: CLEANLINESS OF ROOM | AJ18: =COUNTIFS(FOXTROT!RANK,"1CL",FOXTROT!NATURE,"CLEANLINESS OF ROOM",FOXTROT!N:N,">0") -> 0 | AK18: =COUNTIFS(FOXTROT!RANK,"2CL",FOXTROT!NATURE,"CLEANLINESS OF ROOM",FOXTROT!N:N,">0") -> 0 | AL18: =COUNTIFS(FOXTROT!RANK,"3CL",FOXTROT!NATURE,"CLEANLINESS OF ROOM",FOXTROT!N:N,">0") -> 0 | AM18: =COUNTIFS(FOXTROT!RANK,"4CL",FOXTROT!NATURE,"CLEANLINESS OF ROOM",FOXTROT!REMARKS,"ONGOING") -> 0 | AO18: CLEANLINESS OF ROOM | AP18: =COUNTIFS(GOLF!RANK,"1CL",GOLF!NATURE,"CLEANLINESS OF ROOM",GOLF!N:N,">0") -> 0 | AQ18: =COUNTIFS(GOLF!RANK,"2CL",GOLF!NATURE,"CLEANLINESS OF ROOM",GOLF!N:N,">0") -> 0 | AR18: =COUNTIFS(GOLF!RANK,"3CL",GOLF!NATURE,"CLEANLINESS OF ROOM",GOLF!N:N,">0") -> 0 | AS18: =COUNTIFS(GOLF!RANK,"4CL",GOLF!NATURE,"CLEANLINESS OF ROOM",GOLF!REMARKS,"ONGOING") -> 0 | AU18: CLEANLINESS OF ROOM | AV18: =COUNTIFS(HAWK!RANK,"1CL",HAWK!NATURE,"CLEANLINESS OF ROOM",HAWK!N:N,">0") -> 0 | AW18: =COUNTIFS(HAWK!RANK,"2CL",HAWK!NATURE,"CLEANLINESS OF ROOM",HAWK!N:N,">0") -> 0 | AX18: =COUNTIFS(HAWK!RANK,"3CL",HAWK!NATURE,"CLEANLINESS OF ROOM",HAWK!N:N,">0") -> 0 | AY18: =COUNTIFS(HAWK!RANK,"4CL",HAWK!NATURE,"CLEANLINESS OF ROOM",HAWK!REMARKS,"ONGOING") -> 0 | BA18: CLEANLINESS OF ROOM | BB18: =COUNTIFS(#REF!,"1CL",#REF!,"CLEANLINESS OF ROOM",#REF!,"ONGOING") -> 0 | BC18: =COUNTIFS(#REF!,"2CL",#REF!,"CLEANLINESS OF ROOM",#REF!,"ONGOING") -> 0 | BD18: =COUNTIFS(#REF!,"3CL",#REF!,"CLEANLINESS OF ROOM",#REF!,"ONGOING") -> 0 | BE18: =COUNTIFS(#REF!,"4CL",#REF!,"CLEANLINESS OF ROOM",#REF!,"ONGOING") -> 0
E19: UNIFORM | F19: =COUNTIFS(RANK,"1CL",NATURE,"UNIFORM",ALFA!N:N,">0") -> 0 | G19: =COUNTIFS(RANK,"2CL",NATURE,"UNIFORM",ALFA!N:N,">0") -> 0 | H19: =COUNTIFS(RANK,"3CL",NATURE,"UNIFORM",ALFA!N:N,">0") -> 0 | I19: =COUNTIFS(RANK,"4CL",NATURE,"UNIFORM",REMARKS,"ONGOING") -> 0 | K19: UNIFORM | L19: =COUNTIFS(BRAVO!RANK,"1CL",BRAVO!NATURE,"UNIFORM",BRAVO!N:N,">0") -> 0 | M19: =COUNTIFS(BRAVO!RANK,"2CL",BRAVO!NATURE,"UNIFORM",BRAVO!N:N,">0") -> 0 | N19: =COUNTIFS(BRAVO!RANK,"3CL",BRAVO!NATURE,"UNIFORM",BRAVO!N:N,">0") -> 0 | O19: =COUNTIFS(BRAVO!RANK,"4CL",BRAVO!NATURE,"UNIFORM",BRAVO!REMARKS,"ONGOING") -> 0 | Q19: UNIFORM | R19: =COUNTIFS(CHARLIE!RANK,"1CL",CHARLIE!NATURE,"UNIFORM",CHARLIE!N:N,">0") -> 0 | S19: =COUNTIFS(CHARLIE!RANK,"2CL",CHARLIE!NATURE,"UNIFORM",CHARLIE!N:N,">0") -> 0 | T19: =COUNTIFS(CHARLIE!RANK,"3CL",CHARLIE!NATURE,"UNIFORM",CHARLIE!N:N,">0") -> 0 | U19: =COUNTIFS(CHARLIE!RANK,"4CL",CHARLIE!NATURE,"UNIFORM",CHARLIE!REMARKS,"ONGOING") -> 0 | W19: UNIFORM | X19: =COUNTIFS(DELTA!RANK,"1CL",DELTA!NATURE,"UNIFORM",DELTA!N:N,">0") -> 0 | Y19: =COUNTIFS(DELTA!RANK,"2CL",DELTA!NATURE,"UNIFORM",DELTA!N:N,">0") -> 0 | Z19: =COUNTIFS(DELTA!RANK,"3CL",DELTA!NATURE,"UNIFORM",DELTA!N:N,">0") -> 0 | AA19: =COUNTIFS(DELTA!RANK,"4CL",DELTA!NATURE,"UNIFORM",DELTA!REMARKS,"ONGOING") -> 0 | AC19: UNIFORM | AD19: =COUNTIFS(ECHO!RANK,"1CL",ECHO!NATURE,"UNIFORM",ECHO!M:M,">0") -> 0 | AE19: =COUNTIFS(ECHO!RANK,"2CL",ECHO!NATURE,"UNIFORM",ECHO!M:M,">0") -> 0 | AF19: =COUNTIFS(ECHO!RANK,"3CL",ECHO!NATURE,"UNIFORM",ECHO!M:M,">0") -> 0 | AG19: =COUNTIFS(ECHO!RANK,"4CL",ECHO!NATURE,"UNIFORM",ECHO!REMARKS,"ONGOING") -> 0 | AI19: UNIFORM | AJ19: =COUNTIFS(FOXTROT!RANK,"1CL",FOXTROT!NATURE,"UNIFORM",FOXTROT!N:N,">0") -> 0 | AK19: =COUNTIFS(FOXTROT!RANK,"2CL",FOXTROT!NATURE,"UNIFORM",FOXTROT!N:N,">0") -> 0 | AL19: =COUNTIFS(FOXTROT!RANK,"3CL",FOXTROT!NATURE,"UNIFORM",FOXTROT!N:N,">0") -> 0 | AM19: =COUNTIFS(FOXTROT!RANK,"4CL",FOXTROT!NATURE,"UNIFORM",FOXTROT!REMARKS,"ONGOING") -> 0 | AO19: UNIFORM | AP19: =COUNTIFS(GOLF!RANK,"1CL",GOLF!NATURE,"UNIFORM",GOLF!N:N,">0") -> 0 | AQ19: =COUNTIFS(GOLF!RANK,"2CL",GOLF!NATURE,"UNIFORM",GOLF!N:N,">0") -> 0 | AR19: =COUNTIFS(GOLF!RANK,"3CL",GOLF!NATURE,"UNIFORM",GOLF!N:N,">0") -> 0 | AS19: =COUNTIFS(GOLF!RANK,"4CL",GOLF!NATURE,"UNIFORM",GOLF!REMARKS,"ONGOING") -> 0 | AU19: UNIFORM | AV19: =COUNTIFS(HAWK!RANK,"1CL",HAWK!NATURE,"UNIFORM",HAWK!N:N,">0") -> 0 | AW19: =COUNTIFS(HAWK!RANK,"2CL",HAWK!NATURE,"UNIFORM",HAWK!N:N,">0") -> 0 | AX19: =COUNTIFS(HAWK!RANK,"3CL",HAWK!NATURE,"UNIFORM",HAWK!N:N,">0") -> 0 | AY19: =COUNTIFS(HAWK!RANK,"4CL",HAWK!NATURE,"UNIFORM",HAWK!REMARKS,"ONGOING") -> 0 | BA19: UNIFORM | BB19: =COUNTIFS(#REF!,"1CL",#REF!,"UNIFORM",#REF!,"ONGOING") -> 0 | BC19: =COUNTIFS(#REF!,"2CL",#REF!,"UNIFORM",#REF!,"ONGOING") -> 0 | BD19: =COUNTIFS(#REF!,"3CL",#REF!,"UNIFORM",#REF!,"ONGOING") -> 0 | BE19: =COUNTIFS(#REF!,"4CL",#REF!,"UNIFORM",#REF!,"ONGOING") -> 0
E20: TOTAL | F20: =SUM(F10:F19) -> 0 | G20: =SUM(G10:G19) -> 4 | H20: =SUM(H10:H19) -> 2 | I20: =SUM(I10:I19) -> 0 | K20: TOTAL | L20: =SUM(L10:L18) -> 0 | M20: =SUM(M10:M19) -> 0 | N20: =SUM(N10:N19) -> 0 | O20: =SUM(O10:O19) -> 0 | Q20: TOTAL | R20: =sum(R10:R19) -> 3 | S20: =sum(S10:S19) -> 5 | T20: =sum(T10:T19) -> 16 | U20: =sum(U10:U19) -> 0 | W20: TOTAL | X20: =SUM(X10:X19) -> 1 | Y20: =SUM(Y10:Y19) -> 4 | Z20: =SUM(Z10:Z19) -> 7 | AA20: =SUM(AA10:AA19) -> 3 | AC20: TOTAL | AD20: =SUm(AD10:AD19) -> 0 | AE20: =SUm(AE10:AE19) -> 2 | AF20: =SUm(AF10:AF19) -> 0 | AG20: =SUm(AG10:AG19) -> 0 | AI20: TOTAL | AJ20: =SUM(AJ10:AJ19) -> 0 | AK20: =SUM(AK10:AK19) -> 3 | AL20: =SUM(AL10:AL19) -> 0 | AM20: =SUM(AM10:AM19) -> 8 | AO20: TOTAL | AP20: =Sum(AP10:AP19) -> 0 | AQ20: =Sum(AQ10:AQ19) -> 0 | AR20: =Sum(AR10:AR19) -> 0 | AS20: =Sum(AS10:AS19) -> 0 | AU20: TOTAL | AV20: =SUM(AV10:AV19) -> 0 | AW20: =SUM(AW10:AW19) -> 1 | AX20: =SUM(AX10:AX19) -> 1 | AY20: =SUM(AY10:AY19) -> 2 | BA20: TOTAL | BB20: =SUM(BB10:BB19) -> 0 | BC20: =SUM(BC10:BC19) -> 0 | BD20: =SUM(BD10:BD19) -> 0 | BE20: =SUM(BE10:BE19) -> 0
E23: PER CLASS OF OFFENSES | K23: PER CLASS OF OFFENSES | Q23: PER CLASS OF OFFENSES | W23: PER CLASS OF OFFENSES | AC23: PER CLASS OF OFFENSES | AI23: PER CLASS OF OFFENSES | AO23: PER CLASS OF OFFENSES | AU23: PER CLASS OF OFFENSES | BA23: PER CLASS OF OFFENSES
E25: CLASS OF OFFENSE | F25: 1CL | G25: 2CL | H25: 3CL | I25: 4CL | K25: CLASS OF OFFENSE | L25: 1CL | M25: 2CL | N25: 3CL | O25: 4CL | Q25: CLASS OF OFFENSE | R25: 1CL | S25: 2CL | T25: 3CL | U25: 4CL | W25: CLASS OF OFFENSE | X25: 1CL | Y25: 2CL | Z25: 3CL | AA25: 4CL | AC25: CLASS OF OFFENSE | AD25: 1CL | AE25: 2CL | AF25: 3CL | AG25: 4CL | AI25: CLASS OF OFFENSE | AJ25: 1CL | AK25: 2CL | AL25: 3CL | AM25: 4CL | AO25: CLASS OF OFFENSE | AP25: 1CL | AQ25: 2CL | AR25: 3CL | AS25: 4CL | AU25: CLASS OF OFFENSE | AV25: 1CL | AW25: 2CL | AX25: 3CL | AY25: 4CL | BA25: CLASS OF OFFENSE | BB25: 1CL | BC25: 2CL | BD25: 3CL | BE25: 4CL
E26: I | F26: =COUNTIFS(CLASS,"I",RANK,"1CL",REMARKS, "ONGOING/CONFINED")+COUNTIFS(CLASS,"I", RANK,"1CL",REMARKS, "ONGOING") -> 1 | G26: =COUNTIFS(CLASS,"I",RANK,"2CL",REMARKS, "ONGOING/CONFINED")+COUNTIFS(CLASS,"I", RANK,"2CL",REMARKS, "ONGOING") -> 0 | H26: =COUNTIFS(CLASS,"I",RANK,"3CL",REMARKS, "ONGOING/CONFINED")+COUNTIFS(CLASS,"I", RANK,"3CL",REMARKS, "ONGOING") -> 0 | I26: =COUNTIFS(CLASS,"I",RANK,"4CL",REMARKS,"ONGOING") -> 0 | K26: I | L26: =COUNTIFS(BRAVO!CLASS,"I",BRAVO!RANK,"1CL",BRAVO!REMARKS, "ONGOING/CONFINED")+COUNTIFS(BRAVO!CLASS,"I", BRAVO!RANK,"1CL",BRAVO!REMARKS, "ONGOING") -> 0 | M26: =COUNTIFS(BRAVO!CLASS,"I",BRAVO!RANK,"2CL",BRAVO!REMARKS, "ONGOING/CONFINED")+COUNTIFS(BRAVO!CLASS,"I", BRAVO!RANK,"2CL",BRAVO!REMARKS, "ONGOING") -> 0 | N26: =COUNTIFS(BRAVO!CLASS,"I",BRAVO!RANK,"3CL",BRAVO!REMARKS, "ONGOING/CONFINED")+COUNTIFS(BRAVO!CLASS,"I", BRAVO!RANK,"3CL",BRAVO!REMARKS, "ONGOING") -> 0 | O26: =COUNTIFS(BRAVO!CLASS,"I",BRAVO!RANK,"4CL",BRAVO!REMARKS,"ONGOING") -> 0 | Q26: I | R26: =COUNTIFS(CHARLIE!CLASS,"I",CHARLIE!RANK,"1CL",CHARLIE!REMARKS, "ONGOING/CONFINED")+COUNTIFS(CHARLIE!CLASS,"I", CHARLIE!RANK,"1CL",CHARLIE!REMARKS, "ONGOING")+COUNTIFS(CHARLIE!CLASS,"I", CHARLIE!RANK,"1CL",CHARLIE!REMARKS, "CONFINED") -> 0 | S26: =COUNTIFS(CHARLIE!CLASS,"I",CHARLIE!RANK,"2CL",CHARLIE!REMARKS, "ONGOING/CONFINED")+COUNTIFS(CHARLIE!CLASS,"I", CHARLIE!RANK,"2CL",CHARLIE!REMARKS, "ONGOING")+COUNTIFS(CHARLIE!CLASS,"I", CHARLIE!RANK,"2CL",CHARLIE!REMARKS, "CONFINED") -> 0 | T26: =COUNTIFS(CHARLIE!CLASS,"I",CHARLIE!RANK,"3CL",CHARLIE!REMARKS, "ONGOING/CONFINED")+COUNTIFS(CHARLIE!CLASS,"I", CHARLIE!RANK,"3CL",CHARLIE!REMARKS, "ONGOING")+COUNTIFS(CHARLIE!CLASS,"I", CHARLIE!RANK,"3CL",CHARLIE!REMARKS, "CONFINED") -> 1 | U26: =COUNTIFS(CHARLIE!CLASS,"I",CHARLIE!RANK,"4CL",CHARLIE!REMARKS,"ONGOING") -> 0 | W26: I | X26: =COUNTIFS(DELTA!CLASS,"I",DELTA!RANK,"1CL",DELTA!REMARKS, "ONGOING/CONFINED")+COUNTIFS(DELTA!CLASS,"I", DELTA!RANK,"1CL",DELTA!REMARKS, "ONGOING")+COUNTIFS(DELTA!CLASS,"I", DELTA!RANK,"1CL",DELTA!REMARKS, "CONFINED") -> 0 | Y26: =COUNTIFS(DELTA!CLASS,"I",DELTA!RANK,"2CL",DELTA!REMARKS, "ONGOING/CONFINED")+COUNTIFS(DELTA!CLASS,"I", DELTA!RANK,"2CL",DELTA!REMARKS, "ONGOING")+COUNTIFS(DELTA!CLASS,"I", DELTA!RANK,"2CL",DELTA!REMARKS, "CONFINED") -> 0 | Z26: =COUNTIFS(DELTA!CLASS,"I",DELTA!RANK,"3CL",DELTA!REMARKS, "ONGOING/CONFINED")+COUNTIFS(DELTA!CLASS,"I", DELTA!RANK,"3CL",DELTA!REMARKS, "ONGOING")+COUNTIFS(DELTA!CLASS,"I", DELTA!RANK,"3CL",DELTA!REMARKS, "CONFINED") -> 0 | AA26: =COUNTIFS(DELTA!CLASS,"I",DELTA!RANK,"4CL",DELTA!REMARKS,"ONGOING") -> 0 | AC26: I | AD26: =COUNTIFS(ECHO!CLASS,"I",ECHO!RANK,"1CL",ECHO!REMARKS, "ONGOING/CONFINED")+COUNTIFS(ECHO!CLASS,"I", ECHO!RANK,"1CL",ECHO!REMARKS, "ONGOING")+COUNTIFS(ECHO!CLASS,"I", ECHO!RANK,"1CL",ECHO!REMARKS, "CONFINED") -> 0 | AE26: =COUNTIFS(ECHO!CLASS,"I",ECHO!RANK,"2CL",ECHO!REMARKS, "ONGOING/CONFINED")+COUNTIFS(ECHO!CLASS,"I", ECHO!RANK,"2CL",ECHO!REMARKS, "ONGOING")+COUNTIFS(ECHO!CLASS,"I", ECHO!RANK,"2CL",ECHO!REMARKS, "CONFINED") -> 0 | AF26: =COUNTIFS(ECHO!CLASS,"I",ECHO!RANK,"3CL",ECHO!REMARKS, "ONGOING/CONFINED")+COUNTIFS(ECHO!CLASS,"I", ECHO!RANK,"3CL",ECHO!REMARKS, "ONGOING")+COUNTIFS(ECHO!CLASS,"I", ECHO!RANK,"3CL",ECHO!REMARKS, "CONFINED") -> 0 | AG26: =COUNTIFS(ECHO!CLASS,"I",ECHO!RANK,"4CL",ECHO!REMARKS,"ONGOING") -> 0 | AI26: I | AJ26: =COUNTIFS(FOXTROT!CLASS,"I",FOXTROT!RANK,"1CL",FOXTROT!REMARKS, "ONGOING/CONFINED")+COUNTIFS(FOXTROT!CLASS,"I", FOXTROT!RANK,"1CL",FOXTROT!REMARKS, "ONGOING")+COUNTIFS(FOXTROT!CLASS,"I", FOXTROT!RANK,"1CL",FOXTROT!REMARKS, "CONFINED") -> 0 | AK26: =COUNTIFS(FOXTROT!CLASS,"I",FOXTROT!RANK,"2CL",FOXTROT!REMARKS, "ONGOING/CONFINED")+COUNTIFS(FOXTROT!CLASS,"I", FOXTROT!RANK,"2CL",FOXTROT!REMARKS, "ONGOING")+COUNTIFS(FOXTROT!CLASS,"I", FOXTROT!RANK,"2CL",FOXTROT!REMARKS, "CONFINED") -> 0 | AL26: =COUNTIFS(FOXTROT!CLASS,"I",FOXTROT!RANK,"3CL",FOXTROT!REMARKS, "ONGOING/CONFINED")+COUNTIFS(FOXTROT!CLASS,"I", FOXTROT!RANK,"3CL",FOXTROT!REMARKS, "ONGOING")+COUNTIFS(FOXTROT!CLASS,"I", FOXTROT!RANK,"3CL",FOXTROT!REMARKS, "CONFINED") -> 0 | AM26: =COUNTIFS(FOXTROT!CLASS,"I",FOXTROT!RANK,"4CL",FOXTROT!REMARKS,"ONGOING") -> 0 | AO26: I | AP26: =COUNTIFS(GOLF!CLASS,"I",GOLF!RANK,"3CL",GOLF!REMARKS, "ONGOING/CONFINED")+COUNTIFS(GOLF!CLASS,"I", GOLF!RANK,"3CL",GOLF!REMARKS, "ONGOING")+COUNTIFS(GOLF!CLASS,"I", GOLF!RANK,"3CL",GOLF!REMARKS, "CONFINED") -> 0 | AQ26: =COUNTIFS(GOLF!CLASS,"I",GOLF!RANK,"2CL",GOLF!REMARKS, "ONGOING/CONFINED")+COUNTIFS(GOLF!CLASS,"I", GOLF!RANK,"2CL",GOLF!REMARKS, "ONGOING")+COUNTIFS(GOLF!CLASS,"I", GOLF!RANK,"2CL",GOLF!REMARKS, "CONFINED") -> 0 | AR26: =COUNTIFS(GOLF!CLASS,"I",GOLF!RANK,"3CL",GOLF!REMARKS, "ONGOING/CONFINED")+COUNTIFS(GOLF!CLASS,"I", GOLF!RANK,"3CL",GOLF!REMARKS, "ONGOING")+COUNTIFS(GOLF!CLASS,"I", GOLF!RANK,"3CL",GOLF!REMARKS, "CONFINED") -> 0 | AS26: =COUNTIFS(GOLF!CLASS,"I",GOLF!RANK,"4CL",GOLF!REMARKS,"ONGOING") -> 0 | AU26: I | AV26: =COUNTIFS(HAWK!CLASS,"I",HAWK!RANK,"1CL",HAWK!REMARKS, "ONGOING/CONFINED")+COUNTIFS(HAWK!CLASS,"I", HAWK!RANK,"1CL",HAWK!REMARKS, "ONGOING")+COUNTIFS(HAWK!CLASS,"I", HAWK!RANK,"1CL",HAWK!REMARKS, "CONFINED") -> 0 | AW26: =COUNTIFS(HAWK!CLASS,"I",HAWK!RANK,"2CL",HAWK!REMARKS, "ONGOING/CONFINED")+COUNTIFS(HAWK!CLASS,"I", HAWK!RANK,"2CL",HAWK!REMARKS, "ONGOING")+COUNTIFS(HAWK!CLASS,"I", HAWK!RANK,"2CL",HAWK!REMARKS, "CONFINED") -> 1 | AX26: =COUNTIFS(HAWK!CLASS,"I",HAWK!RANK,"3CL",HAWK!REMARKS, "ONGOING/CONFINED")+COUNTIFS(HAWK!CLASS,"I", HAWK!RANK,"3CL",HAWK!REMARKS, "ONGOING")+COUNTIFS(HAWK!CLASS,"I", HAWK!RANK,"3CL",HAWK!REMARKS, "CONFINED") -> 0 | AY26: =COUNTIFS(HAWK!CLASS,"I",HAWK!RANK,"4CL",HAWK!REMARKS,"ONGOING") -> 0 | BA26: I | BB26: =COUNTIFS(#REF!,"I",#REF!,"1CL",#REF!,"ONGOING") -> 0 | BC26: =COUNTIFS(#REF!,"I",#REF!,"2CL",#REF!,"ONGOING") -> 0 | BD26: =COUNTIFS(#REF!,"I",#REF!,"3CL",#REF!,"ONGOING") -> 0 | BE26: =COUNTIFS(#REF!,"I",#REF!,"4CL",#REF!,"ONGOING") -> 0
E28: II | F28: =COUNTIFS(CLASS,"II",RANK,"1CL",REMARKS, "ONGOING/CONFINED")+COUNTIFS(CLASS,"II", RANK,"1CL",REMARKS, "ONGOING") -> 0 | G28: =COUNTIFS(CLASS,"II",RANK,"2CL",REMARKS, "ONGOING/CONFINED")+COUNTIFS(CLASS,"II", RANK,"2CL",REMARKS, "ONGOING") -> 10 | H28: =COUNTIFS(CLASS,"II",RANK,"3CL",REMARKS, "ONGOING/CONFINED")+COUNTIFS(CLASS,"II", RANK,"3CL",REMARKS, "ONGOING") -> 3 | I28: =COUNTIFS(CLASS,"II",RANK,"4CL",REMARKS,"ONGOING") -> 0 | K28: II | L28: =COUNTIFS(BRAVO!CLASS,"II",BRAVO!RANK,"1CL",BRAVO!REMARKS, "ONGOING/CONFINED")+COUNTIFS(BRAVO!CLASS,"II", BRAVO!RANK,"1CL",BRAVO!REMARKS, "ONGOING") -> 0 | M28: =COUNTIFS(BRAVO!CLASS,"II",BRAVO!RANK,"2CL",BRAVO!REMARKS, "ONGOING/CONFINED")+COUNTIFS(BRAVO!CLASS,"II", BRAVO!RANK,"2CL",BRAVO!REMARKS, "ONGOING") -> 0 | N28: =COUNTIFS(BRAVO!CLASS,"II",BRAVO!RANK,"3CL",BRAVO!REMARKS, "ONGOING/CONFINED")+COUNTIFS(BRAVO!CLASS,"II", BRAVO!RANK,"3CL",BRAVO!REMARKS, "ONGOING") -> 0 | O28: =COUNTIFS(BRAVO!CLASS,"II",BRAVO!RANK,"4CL",BRAVO!REMARKS,"ONGOING") -> 0 | Q28: II | R28: =COUNTIFS(CHARLIE!CLASS,"II",CHARLIE!RANK,"1CL",CHARLIE!REMARKS, "ONGOING/CONFINED")+COUNTIFS(CHARLIE!CLASS,"II", CHARLIE!RANK,"1CL",CHARLIE!REMARKS, "ONGOING")+COUNTIFS(CHARLIE!CLASS,"II", CHARLIE!RANK,"1CL",CHARLIE!REMARKS, "CONFINED") -> 0 | S28: =COUNTIFS(CHARLIE!CLASS,"II",CHARLIE!RANK,"2CL",CHARLIE!REMARKS, "ONGOING/CONFINED")+COUNTIFS(CHARLIE!CLASS,"II", CHARLIE!RANK,"2CL",CHARLIE!REMARKS, "ONGOING")+COUNTIFS(CHARLIE!CLASS,"II", CHARLIE!RANK,"2CL",CHARLIE!REMARKS, "CONFINED") -> 0 | T28: =COUNTIFS(CHARLIE!CLASS,"II",CHARLIE!RANK,"3CL",CHARLIE!REMARKS, "ONGOING/CONFINED")+COUNTIFS(CHARLIE!CLASS,"II", CHARLIE!RANK,"3CL",CHARLIE!REMARKS, "ONGOING")+COUNTIFS(CHARLIE!CLASS,"II", CHARLIE!RANK,"3CL",CHARLIE!REMARKS, "CONFINED") -> 4 | U28: =COUNTIFS(CHARLIE!CLASS,"II",CHARLIE!RANK,"4CL",CHARLIE!REMARKS,"ONGOING") -> 0 | W28: II | X28: =COUNTIFS(DELTA!CLASS,"II",DELTA!RANK,"1CL",DELTA!REMARKS, "ONGOING/CONFINED")+COUNTIFS(DELTA!CLASS,"II", DELTA!RANK,"1CL",DELTA!REMARKS, "ONGOING")+COUNTIFS(DELTA!CLASS,"II", DELTA!RANK,"1CL",DELTA!REMARKS, "CONFINED") -> 0 | Y28: =COUNTIFS(DELTA!CLASS,"II",DELTA!RANK,"2CL",DELTA!REMARKS, "ONGOING/CONFINED")+COUNTIFS(DELTA!CLASS,"II", DELTA!RANK,"2CL",DELTA!REMARKS, "ONGOING")+COUNTIFS(DELTA!CLASS,"II", DELTA!RANK,"2CL",DELTA!REMARKS, "CONFINED") -> 4 | Z28: =COUNTIFS(DELTA!CLASS,"II",DELTA!RANK,"3CL",DELTA!REMARKS, "ONGOING/CONFINED")+COUNTIFS(DELTA!CLASS,"II", DELTA!RANK,"3CL",DELTA!REMARKS, "ONGOING")+COUNTIFS(DELTA!CLASS,"II", DELTA!RANK,"3CL",DELTA!REMARKS, "CONFINED") -> 0 | AA28: =COUNTIFS(DELTA!CLASS,"II",DELTA!RANK,"4CL",DELTA!REMARKS,"ONGOING") -> 0 | AC28: II | AD28: =COUNTIFS(ECHO!CLASS,"II",ECHO!RANK,"1CL",ECHO!REMARKS, "ONGOING/CONFINED")+COUNTIFS(ECHO!CLASS,"II", ECHO!RANK,"1CL",ECHO!REMARKS, "ONGOING")+COUNTIFS(ECHO!CLASS,"II", ECHO!RANK,"1CL",ECHO!REMARKS, "CONFINED") -> 1 | AE28: =COUNTIFS(ECHO!CLASS,"II",ECHO!RANK,"2CL",ECHO!REMARKS, "ONGOING/CONFINED")+COUNTIFS(ECHO!CLASS,"II", ECHO!RANK,"2CL",ECHO!REMARKS, "ONGOING")+COUNTIFS(ECHO!CLASS,"II", ECHO!RANK,"2CL",ECHO!REMARKS, "CONFINED") -> 1 | AF28: =COUNTIFS(ECHO!CLASS,"II",ECHO!RANK,"3CL",ECHO!REMARKS, "ONGOING/CONFINED")+COUNTIFS(ECHO!CLASS,"II", ECHO!RANK,"3CL",ECHO!REMARKS, "ONGOING")+COUNTIFS(ECHO!CLASS,"II", ECHO!RANK,"3CL",ECHO!REMARKS, "CONFINED") -> 1 | AG28: =COUNTIFS(ECHO!CLASS,"II",ECHO!RANK,"4CL",ECHO!REMARKS,"ONGOING") -> 0 | AI28: II | AJ28: =COUNTIFS(FOXTROT!CLASS,"II",FOXTROT!RANK,"1CL",FOXTROT!REMARKS, "ONGOING/CONFINED")+COUNTIFS(FOXTROT!CLASS,"II", FOXTROT!RANK,"1CL",FOXTROT!REMARKS, "ONGOING")+COUNTIFS(FOXTROT!CLASS,"II", FOXTROT!RANK,"1CL",FOXTROT!REMARKS, "CONFINED") -> 0 | AK28: =COUNTIFS(FOXTROT!CLASS,"II",FOXTROT!RANK,"2CL",FOXTROT!REMARKS, "ONGOING/CONFINED")+COUNTIFS(FOXTROT!CLASS,"II", FOXTROT!RANK,"2CL",FOXTROT!REMARKS, "ONGOING")+COUNTIFS(FOXTROT!CLASS,"II", FOXTROT!RANK,"2CL",FOXTROT!REMARKS, "CONFINED") -> 1 | AL28: =COUNTIFS(FOXTROT!CLASS,"II",FOXTROT!RANK,"3CL",FOXTROT!REMARKS, "ONGOING/CONFINED")+COUNTIFS(FOXTROT!CLASS,"II", FOXTROT!RANK,"3CL",FOXTROT!REMARKS, "ONGOING")+COUNTIFS(FOXTROT!CLASS,"II", FOXTROT!RANK,"3CL",FOXTROT!REMARKS, "CONFINED") -> 0 | AM28: =COUNTIFS(FOXTROT!CLASS,"II",FOXTROT!RANK,"4CL",FOXTROT!REMARKS,"ONGOING") -> 1 | AO28: II | AP28: =COUNTIFS(GOLF!CLASS,"II",GOLF!RANK,"3CL",GOLF!REMARKS, "ONGOING/CONFINED")+COUNTIFS(GOLF!CLASS,"II", GOLF!RANK,"3CL",GOLF!REMARKS, "ONGOING")+COUNTIFS(GOLF!CLASS,"II", GOLF!RANK,"3CL",GOLF!REMARKS, "CONFINED") -> 0 | AQ28: =COUNTIFS(GOLF!CLASS,"II",GOLF!RANK,"2CL",GOLF!REMARKS, "ONGOING/CONFINED")+COUNTIFS(GOLF!CLASS,"II", GOLF!RANK,"2CL",GOLF!REMARKS, "ONGOING")+COUNTIFS(GOLF!CLASS,"II", GOLF!RANK,"2CL",GOLF!REMARKS, "CONFINED") -> 1 | AR28: =COUNTIFS(GOLF!CLASS,"II",GOLF!RANK,"3CL",GOLF!REMARKS, "ONGOING/CONFINED")+COUNTIFS(GOLF!CLASS,"II", GOLF!RANK,"3CL",GOLF!REMARKS, "ONGOING")+COUNTIFS(GOLF!CLASS,"II", GOLF!RANK,"3CL",GOLF!REMARKS, "CONFINED") -> 0 | AS28: =COUNTIFS(GOLF!CLASS,"II",GOLF!RANK,"4CL",GOLF!REMARKS,"ONGOING") -> 0 | AU28: II | AV28: =COUNTIFS(HAWK!CLASS,"II",HAWK!RANK,"1CL",HAWK!REMARKS, "ONGOING/CONFINED")+COUNTIFS(HAWK!CLASS,"II", HAWK!RANK,"1CL",HAWK!REMARKS, "ONGOING")+COUNTIFS(HAWK!CLASS,"II", HAWK!RANK,"1CL",HAWK!REMARKS, "CONFINED") -> 0 | AW28: =COUNTIFS(HAWK!CLASS,"II",HAWK!RANK,"2CL",HAWK!REMARKS, "ONGOING/CONFINED")+COUNTIFS(HAWK!CLASS,"II", HAWK!RANK,"2CL",HAWK!REMARKS, "ONGOING")+COUNTIFS(HAWK!CLASS,"II", HAWK!RANK,"2CL",HAWK!REMARKS, "CONFINED") -> 0 | AX28: =COUNTIFS(HAWK!CLASS,"II",HAWK!RANK,"3CL",HAWK!REMARKS, "ONGOING/CONFINED")+COUNTIFS(HAWK!CLASS,"II", HAWK!RANK,"3CL",HAWK!REMARKS, "ONGOING")+COUNTIFS(HAWK!CLASS,"II", HAWK!RANK,"3CL",HAWK!REMARKS, "CONFINED") -> 0 | AY28: =COUNTIFS(HAWK!CLASS,"II",HAWK!RANK,"4CL",HAWK!REMARKS,"ONGOING") -> 0 | BA28: II | BB28: =COUNTIFS(#REF!,"II",#REF!,"1CL",#REF!,"ONGOING") -> 0 | BC28: =COUNTIFS(#REF!,"II",#REF!,"2CL",#REF!,"ONGOING") -> 0 | BD28: =COUNTIFS(#REF!,"II",#REF!,"3CL",#REF!,"ONGOING") -> 0 | BE28: =COUNTIFS(#REF!,"II",#REF!,"4CL",#REF!,"ONGOING") -> 0
E30: III | F30: =COUNTIFS(CLASS,"III",RANK,"1CL",REMARKS, "ONGOING/CONFINED")+COUNTIFS(CLASS,"III", RANK,"1CL",REMARKS, "ONGOING") -> 1 | G30: =COUNTIFS(CLASS,"III",RANK,"2CL",REMARKS, "ONGOING/CONFINED")+COUNTIFS(CLASS,"III", RANK,"2CL",REMARKS, "ONGOING") -> 2 | H30: =COUNTIFS(CLASS,"III",RANK,"3CL",REMARKS, "ONGOING/CONFINED")+COUNTIFS(CLASS,"III", RANK,"3CL",REMARKS, "ONGOING") -> 0 | I30: =COUNTIFS(CLASS,"III",RANK,"4CL",REMARKS,"ONGOING") -> 0 | K30: III | L30: =COUNTIFS(BRAVO!CLASS,"III",BRAVO!RANK,"1CL",BRAVO!REMARKS, "ONGOING/CONFINED")+COUNTIFS(BRAVO!CLASS,"III", BRAVO!RANK,"1CL",BRAVO!REMARKS, "ONGOING") -> 0 | M30: =COUNTIFS(BRAVO!CLASS,"III",BRAVO!RANK,"2CL",BRAVO!REMARKS, "ONGOING/CONFINED")+COUNTIFS(BRAVO!CLASS,"III", BRAVO!RANK,"2CL",BRAVO!REMARKS, "ONGOING") -> 0 | N30: =COUNTIFS(BRAVO!CLASS,"III",BRAVO!RANK,"3CL",BRAVO!REMARKS, "ONGOING/CONFINED")+COUNTIFS(BRAVO!CLASS,"III", BRAVO!RANK,"3CL",BRAVO!REMARKS, "ONGOING") -> 0 | O30: =COUNTIFS(BRAVO!CLASS,"III",BRAVO!RANK,"4CL",BRAVO!REMARKS,"ONGOING") -> 0 | Q30: III | R30: =COUNTIFS(CHARLIE!CLASS,"III",CHARLIE!RANK,"1CL",CHARLIE!REMARKS, "ONGOING/CONFINED")+COUNTIFS(CHARLIE!CLASS,"III", CHARLIE!RANK,"1CL",CHARLIE!REMARKS, "ONGOING")+COUNTIFS(CHARLIE!CLASS,"III", CHARLIE!RANK,"1CL",CHARLIE!REMARKS, "CONFINED") -> 0 | S30: =COUNTIFS(CHARLIE!CLASS,"IIi",CHARLIE!RANK,"2CL",CHARLIE!REMARKS, "ONGOING/CONFINED")+COUNTIFS(CHARLIE!CLASS,"IiI", CHARLIE!RANK,"2CL",CHARLIE!REMARKS, "ONGOING")+COUNTIFS(CHARLIE!CLASS,"IiI", CHARLIE!RANK,"2CL",CHARLIE!REMARKS, "CONFINED") -> 0 | T30: =COUNTIFS(CHARLIE!CLASS,"III",CHARLIE!RANK,"3CL",CHARLIE!REMARKS, "ONGOING/CONFINED")+COUNTIFS(CHARLIE!CLASS,"III", CHARLIE!RANK,"3CL",CHARLIE!REMARKS, "ONGOING")+COUNTIFS(CHARLIE!CLASS,"III", CHARLIE!RANK,"3CL",CHARLIE!REMARKS, "CONFINED") -> 10 | U30: =COUNTIFS(CHARLIE!CLASS,"III",CHARLIE!RANK,"4CL",CHARLIE!REMARKS,"ONGOING") -> 0 | W30: III | X30: =COUNTIFS(DELTA!CLASS,"III",DELTA!RANK,"1CL",DELTA!REMARKS, "ONGOING/CONFINED")+COUNTIFS(DELTA!CLASS,"III", DELTA!RANK,"1CL",DELTA!REMARKS, "ONGOING")+COUNTIFS(DELTA!CLASS,"III", DELTA!RANK,"1CL",DELTA!REMARKS, "CONFINED") -> 1 | Y30: =COUNTIFS(DELTA!CLASS,"III",DELTA!RANK,"2CL",DELTA!REMARKS, "ONGOING/CONFINED")+COUNTIFS(DELTA!CLASS,"III", DELTA!RANK,"2CL",DELTA!REMARKS, "ONGOING")+COUNTIFS(DELTA!CLASS,"III", DELTA!RANK,"2CL",DELTA!REMARKS, "CONFINED") -> 2 | Z30: =COUNTIFS(DELTA!CLASS,"III",DELTA!RANK,"3CL",DELTA!REMARKS, "ONGOING/CONFINED")+COUNTIFS(DELTA!CLASS,"III", DELTA!RANK,"3CL",DELTA!REMARKS, "ONGOING")+COUNTIFS(DELTA!CLASS,"III", DELTA!RANK,"3CL",DELTA!REMARKS, "CONFINED") -> 11 | AA30: =COUNTIFS(DELTA!CLASS,"III",DELTA!RANK,"4CL",DELTA!REMARKS,"ONGOING") -> 3 | AC30: III | AD30: =COUNTIFS(ECHO!CLASS,"III",ECHO!RANK,"1CL",ECHO!REMARKS, "ONGOING/CONFINED")+COUNTIFS(ECHO!CLASS,"III", ECHO!RANK,"1CL",ECHO!REMARKS, "ONGOING")+COUNTIFS(ECHO!CLASS,"III", ECHO!RANK,"1CL",ECHO!REMARKS, "CONFINED") -> 0 | AE30: =COUNTIFS(ECHO!CLASS,"III",ECHO!RANK,"2CL",ECHO!REMARKS, "ONGOING/CONFINED")+COUNTIFS(ECHO!CLASS,"III", ECHO!RANK,"2CL",ECHO!REMARKS, "ONGOING")+COUNTIFS(ECHO!CLASS,"III", ECHO!RANK,"2CL",ECHO!REMARKS, "CONFINED") -> 0 | AF30: =COUNTIFS(ECHO!CLASS,"III",ECHO!RANK,"3CL",ECHO!REMARKS, "ONGOING/CONFINED")+COUNTIFS(ECHO!CLASS,"III", ECHO!RANK,"3CL",ECHO!REMARKS, "ONGOING")+COUNTIFS(ECHO!CLASS,"III", ECHO!RANK,"3CL",ECHO!REMARKS, "CONFINED") -> 0 | AG30: =COUNTIFS(ECHO!CLASS,"III",ECHO!RANK,"4CL",ECHO!REMARKS,"ONGOING") -> 0 | AI30: III | AJ30: =COUNTIFS(FOXTROT!CLASS,"III",FOXTROT!RANK,"1CL",FOXTROT!REMARKS, "ONGOING/CONFINED")+COUNTIFS(FOXTROT!CLASS,"III", FOXTROT!RANK,"1CL",FOXTROT!REMARKS, "ONGOING")+COUNTIFS(FOXTROT!CLASS,"III", FOXTROT!RANK,"1CL",FOXTROT!REMARKS, "CONFINED") -> 0 | AK30: =COUNTIFS(FOXTROT!CLASS,"III",FOXTROT!RANK,"2CL",FOXTROT!REMARKS, "ONGOING/CONFINED")+COUNTIFS(FOXTROT!CLASS,"III", FOXTROT!RANK,"2CL",FOXTROT!REMARKS, "ONGOING")+COUNTIFS(FOXTROT!CLASS,"III", FOXTROT!RANK,"2CL",FOXTROT!REMARKS, "CONFINED") -> 2 | AL30: =COUNTIFS(FOXTROT!CLASS,"III",FOXTROT!RANK,"3CL",FOXTROT!REMARKS, "ONGOING/CONFINED")+COUNTIFS(FOXTROT!CLASS,"III", FOXTROT!RANK,"3CL",FOXTROT!REMARKS, "ONGOING")+COUNTIFS(FOXTROT!CLASS,"III", FOXTROT!RANK,"3CL",FOXTROT!REMARKS, "CONFINED") -> 0 | AM30: =COUNTIFS(FOXTROT!CLASS,"III",FOXTROT!RANK,"4CL",FOXTROT!REMARKS,"ONGOING") -> 7 | AO30: III | AP30: =COUNTIFS(GOLF!CLASS,"III",GOLF!RANK,"3CL",GOLF!REMARKS, "ONGOING/CONFINED")+COUNTIFS(GOLF!CLASS,"III", GOLF!RANK,"3CL",GOLF!REMARKS, "ONGOING")+COUNTIFS(GOLF!CLASS,"III", GOLF!RANK,"3CL",GOLF!REMARKS, "CONFINED") -> 0 | AQ30: =COUNTIFS(GOLF!CLASS,"III",GOLF!RANK,"2CL",GOLF!REMARKS, "ONGOING/CONFINED")+COUNTIFS(GOLF!CLASS,"III", GOLF!RANK,"2CL",GOLF!REMARKS, "ONGOING")+COUNTIFS(GOLF!CLASS,"III", GOLF!RANK,"2CL",GOLF!REMARKS, "CONFINED") -> 0 | AR30: =COUNTIFS(GOLF!CLASS,"III",GOLF!RANK,"3CL",GOLF!REMARKS, "ONGOING/CONFINED")+COUNTIFS(GOLF!CLASS,"III", GOLF!RANK,"3CL",GOLF!REMARKS, "ONGOING")+COUNTIFS(GOLF!CLASS,"III", GOLF!RANK,"3CL",GOLF!REMARKS, "CONFINED") -> 0 | AS30: =COUNTIFS(GOLF!CLASS,"III",GOLF!RANK,"4CL",GOLF!REMARKS,"ONGOING") -> 0 | AU30: III | AV30: =COUNTIFS(HAWK!CLASS,"III",HAWK!RANK,"1CL",HAWK!REMARKS, "ONGOING/CONFINED")+COUNTIFS(HAWK!CLASS,"III", HAWK!RANK,"1CL",HAWK!REMARKS, "ONGOING")+COUNTIFS(HAWK!CLASS,"III", HAWK!RANK,"1CL",HAWK!REMARKS, "CONFINED") -> 0 | AW30: =COUNTIFS(HAWK!CLASS,"III",HAWK!RANK,"2CL",HAWK!REMARKS, "ONGOING/CONFINED")+COUNTIFS(HAWK!CLASS,"III", HAWK!RANK,"2CL",HAWK!REMARKS, "ONGOING")+COUNTIFS(HAWK!CLASS,"III", HAWK!RANK,"2CL",HAWK!REMARKS, "CONFINED") -> 0 | AX30: =COUNTIFS(HAWK!CLASS,"III",HAWK!RANK,"3CL",HAWK!REMARKS, "ONGOING/CONFINED")+COUNTIFS(HAWK!CLASS,"III", HAWK!RANK,"3CL",HAWK!REMARKS, "ONGOING")+COUNTIFS(HAWK!CLASS,"III", HAWK!RANK,"3CL",HAWK!REMARKS, "CONFINED") -> 2 | AY30: =COUNTIFS(HAWK!CLASS,"III",HAWK!RANK,"4CL",HAWK!REMARKS,"ONGOING") -> 2 | BA30: III | BB30: =COUNTIFS(#REF!,"III",#REF!,"1CL",#REF!,"ONGOING") -> 0 | BC30: =COUNTIFS(#REF!,"III",#REF!,"2CL",#REF!,"ONGOING") -> 0 | BD30: =COUNTIFS(#REF!,"III",#REF!,"3CL",#REF!,"ONGOING") -> 0 | BE30: =COUNTIFS(#REF!,"III",#REF!,"4CL",#REF!,"ONGOING") -> 0
E32: TOTAL | F32: =SUM(F26:F31) -> 2 | G32: =SUM(G26:G31) -> 12 | H32: =SUM(H26:H31) -> 3 | I32: =SUM(I26:I31) -> 0 | K32: TOTAL | L32: =SUM(L26:L31) -> 0 | M32: =SUM(M26:M31) -> 0 | N32: =SUM(N26:N31) -> 0 | O32: =SUM(O26:O31) -> 0 | Q32: TOTAL | R32: =SUM(R26:R31) -> 0 | S32: =SUM(S26:S31) -> 0 | T32: =SUM(T26:T31) -> 15 | U32: =SUM(U26:U31) -> 0 | W32: TOTAL | X32: =SUM(X26:X31) -> 1 | Y32: =SUM(Y26:Y31) -> 6 | Z32: =SUM(Z26:Z31) -> 11 | AA32: =SUM(AA26:AA31) -> 3 | AC32: TOTAL | AD32: =sum(AD26:AD31) -> 1 | AE32: =sum(AE26:AE31) -> 1 | AF32: =sum(AF26:AF31) -> 1 | AG32: =sum(AG26:AG31) -> 0 | AI32: TOTAL | AJ32: =SUM(AJ26:AJ31) -> 0 | AK32: =SUM(AK26:AK31) -> 3 | AL32: =SUM(AL26:AL31) -> 0 | AM32: =SUM(AM26:AM31) -> 8 | AO32: TOTAL | AP32: =SUM(AP26:AP31) -> 0 | AQ32: =SUM(AQ26:AQ31) -> 1 | AR32: =SUM(AR26:AR31) -> 0 | AS32: =SUM(AS26:AS31) -> 0 | AU32: TOTAL | AV32: =SUM(AV26:AV31) -> 0 | AW32: =SUM(AW26:AW31) -> 1 | AX32: =SUM(AX26:AX31) -> 2 | AY32: =SUM(AY26:AY31) -> 2 | BA32: TOTAL | BB32: =SUM(BB26:BB31) -> 0 | BC32: =SUM(BC26:BC31) -> 0 | BD32: =SUM(BD26:BD31) -> 0 | BE32: =SUM(BE26:BE31) -> 0
E35: CONFINED CADETS | H35: TOURING/CONFINED | K35: CONFINED CADETS | N35: TOURING/CONFINED | Q35: CONFINED CADETS | T35: TOURING/CONFINED | W35: CONFINED CADETS | Z35: TOURING/CONFINED | AC35: CONFINED CADETS | AF35: TOURING/CONFINED | AI35: CONFINED CADETS | AL35: TOURING/CONFINED | AO35: CONFINED CADETS | AR35: TOURING/CONFINED | AU35: CONFINED CADETS | AX35: TOURING/CONFINED | BA35: CONFINED CADETS | BD35: TOURING/CONFINED
E37: 1CL | F37: =COUNTIFS(RANK,"1CL",CONFINEMENT,"YES") -> 1 | H37: 1CL | I37: =COUNTIFS(RANK,"1CL",CONFINEMENT,"YES",ALFA!N:N, ">0") -> 1 | K37: 1CL | L37: =COUNTIFS(BRAVO!RANK,"1CL",BRAVO!CONFINEMENT,"YES") -> 5 | N37: 1CL | O37: =COUNTIFS(BRAVO!RANK,"1CL",BRAVO!CONFINEMENT,"YES",BRAVO!N:N, ">0") -> 0 | Q37: 1CL | R37: =COUNTIFS(CHARLIE!RANK,"1CL",CHARLIE!CONFINEMENT,"YES") -> 14 | T37: 1CL | U37: =COUNTIFS(CHARLIE!RANK,"1CL",CHARLIE!CONFINEMENT,"YES" ,CHARLIE!N:N, ">0") -> 0 | W37: 1CL | X37: =COUNTIFS(DELTA!RANK,"1CL",DELTA!CONFINEMENT,"YES") -> 3 | Z37: 1CL | AA37: =COUNTIFS(DELTA!RANK,"1CL",DELTA!CONFINEMENT,"YES",DELTA!N:N, ">0") -> 0 | AC37: 1CL | AD37: =COUNTIFS(ECHO!RANK,"1CL",ECHO!CONFINEMENT,"YES") -> 9 | AF37: 1CL | AG37: =COUNTIFS(ECHO!RANK,"1CL",ECHO!CONFINEMENT,"YES",ECHO!M:M, ">0") -> 0 | AI37: 1CL | AJ37: =COUNTIFS(FOXTROT!RANK,"1CL",FOXTROT!CONFINEMENT,"YES") -> 0 | AL37: 1CL | AM37: =COUNTIFS(FOXTROT!RANK,"1CL",FOXTROT!CONFINEMENT,"YES",FOXTROT!N:N, ">0") -> 0 | AO37: 1CL | AP37: =COUNTIFS(GOLF!RANK,"1CL",GOLF!CONFINEMENT,"YES") -> 0 | AR37: 1CL | AS37: =COUNTIFS(GOLF!RANK,"1CL",GOLF!CONFINEMENT,"YES",GOLF!N:N, ">0") -> 0 | AU37: 1CL | AV37: =COUNTIFS(HAWK!RANK,"1CL",HAWK!CONFINEMENT,"YES") -> 10 | AX37: 1CL | AY37: =COUNTIFS(HAWK!RANK,"1CL",HAWK!CONFINEMENT,"YES",HAWK!N:N, ">0") -> 3 | BA37: 1CL | BB37: =COUNTIFS(#REF!,"1CL",#REF!,"YES") -> 0 | BD37: 1CL | BE37: =COUNTIFS(#REF!,"1CL",#REF!,"YES",CONDUCT!N:N, ">0") -> 0
E38: 2CL | F38: =COUNTIFS(RANK,"2CL",CONFINEMENT,"YES") -> 12 | H38: 2CL | I38: =COUNTIFS(RANK,"2CL",CONFINEMENT,"YES",ALFA!N:N, ">0") -> 10 | K38: 2CL | L38: =COUNTIFS(BRAVO!RANK,"2CL",BRAVO!CONFINEMENT,"YES") -> 5 | N38: 2CL | O38: =COUNTIFS(BRAVO!RANK,"2CL",BRAVO!CONFINEMENT,"YES",BRAVO!N:N, ">0") -> 0 | Q38: 2CL | R38: =COUNTIFS(CHARLIE!RANK,"2CL",CHARLIE!CONFINEMENT,"YES") -> 11 | T38: 2CL | U38: =COUNTIFS(CHARLIE!RANK,"2CL",CHARLIE!CONFINEMENT,"YES",CHARLIE!N:N, ">0") -> 4 | W38: 2CL | X38: =COUNTIFS(DELTA!RANK,"2CL",DELTA!CONFINEMENT,"YES") -> 13 | Z38: 2CL | AA38: =COUNTIFS(DELTA!RANK,"2CL",DELTA!CONFINEMENT,"YES",DELTA!N:N, ">0") -> 4 | AC38: 2CL | AD38: =COUNTIFS(ECHO!RANK,"2CL",ECHO!CONFINEMENT,"YES") -> 17 | AF38: 2CL | AG38: =COUNTIFS(ECHO!RANK,"2CL",ECHO!CONFINEMENT,"YES",ECHO!M:M, ">0") -> 1 | AI38: 2CL | AJ38: =COUNTIFS(FOXTROT!RANK,"2CL",FOXTROT!CONFINEMENT,"YES") -> 0 | AL38: 2CL | AM38: =COUNTIFS(FOXTROT!RANK,"2CL",FOXTROT!CONFINEMENT,"YES",FOXTROT!N:N, ">0") -> 0 | AO38: 2CL | AP38: =COUNTIFS(GOLF!RANK,"2CL",GOLF!CONFINEMENT,"YES") -> 1 | AR38: 2CL | AS38: =COUNTIFS(GOLF!RANK,"2CL",GOLF!CONFINEMENT,"YES",GOLF!N:N, ">0") -> 0 | AU38: 2CL | AV38: =COUNTIFS(HAWK!RANK,"2CL",HAWK!CONFINEMENT,"YES") -> 29 | AX38: 2CL | AY38: =COUNTIFS(HAWK!RANK,"2CL",HAWK!CONFINEMENT,"YES",HAWK!N:N, ">0") -> 2 | BA38: 2CL | BB38: =COUNTIFS(#REF!,"2CL",#REF!,"YES") -> 0 | BD38: 2CL | BE38: =COUNTIFS(#REF!,"2CL",#REF!,"YES",CONDUCT!N:N, ">0") -> 0
E39: 3CL | F39: =COUNTIFS(RANK,"3CL",CONFINEMENT,"YES") -> 1 | H39: 3CL | I39: =COUNTIFS(RANK,"3CL",CONFINEMENT,"YES",ALFA!N:N, ">0") -> 0 | K39: 3CL | L39: =COUNTIFS(BRAVO!RANK,"3CL",BRAVO!CONFINEMENT,"YES") -> 6 | N39: 3CL | O39: =COUNTIFS(BRAVO!RANK,"3CL",BRAVO!CONFINEMENT,"YES",BRAVO!N:N, ">0") -> 0 | Q39: 3CL | R39: =COUNTIFS(CHARLIE!RANK,"3CL",CHARLIE!CONFINEMENT,"YES") -> 26 | T39: 3CL | U39: =COUNTIFS(CHARLIE!RANK,"3CL",CHARLIE!CONFINEMENT,"YES",CHARLIE!N:N, ">0") -> 9 | W39: 3CL | X39: =COUNTIFS(DELTA!RANK,"3CL",DELTA!CONFINEMENT,"YES") -> 11 | Z39: 3CL | AA39: =COUNTIFS(DELTA!RANK,"3CL",DELTA!CONFINEMENT,"YES",DELTA!N:N, ">0") -> 0 | AC39: 3CL | AD39: =COUNTIFS(ECHO!RANK,"3CL",ECHO!CONFINEMENT,"YES") -> 11 | AF39: 3CL | AG39: =COUNTIFS(ECHO!RANK,"3CL",ECHO!CONFINEMENT,"YES",ECHO!M:M, ">0") -> 0 | AI39: 3CL | AJ39: =COUNTIFS(FOXTROT!RANK,"3CL",FOXTROT!CONFINEMENT,"YES") -> 0 | AL39: 3CL | AM39: =COUNTIFS(FOXTROT!RANK,"3CL",FOXTROT!CONFINEMENT,"YES",FOXTROT!N:N, ">0") -> 0 | AO39: 3CL | AP39: =COUNTIFS(GOLF!RANK,"3CL",GOLF!CONFINEMENT,"YES") -> 3 | AR39: 3CL | AS39: =COUNTIFS(GOLF!RANK,"3CL",GOLF!CONFINEMENT,"YES",GOLF!N:N, ">0") -> 3 | AU39: 3CL | AV39: =COUNTIFS(HAWK!RANK,"3CL",HAWK!CONFINEMENT,"YES") -> 20 | AX39: 3CL | AY39: =COUNTIFS(HAWK!RANK,"3CL",HAWK!CONFINEMENT,"YES",HAWK!N:N, ">0") -> 3 | BA39: 3CL | BB39: =COUNTIFS(#REF!,"3CL",#REF!,"YES") -> 0 | BD39: 3CL | BE39: =COUNTIFS(#REF!,"3CL",#REF!,"YES",CONDUCT!N:N, ">0") -> 0
E40: 4CL | F40: =COUNTIFS(RANK,"4CL",CONFINEMENT,"YES") -> 1 | H40: 4CL | I40: =COUNTIFS(RANK,"4CL",CONFINEMENT,"YES",ALFA!N:N, ">0") -> 0 | K40: 4CL | L40: =COUNTIFS(BRAVO!RANK,"4CL",BRAVO!CONFINEMENT,"YES") -> 0 | N40: 4CL | O40: =COUNTIFS(BRAVO!RANK,"4CL",BRAVO!CONFINEMENT,"YES",BRAVO!N:N, ">0") -> 0 | Q40: 4CL | R40: =COUNTIFS(CHARLIE!RANK,"4CL",CHARLIE!CONFINEMENT,"YES") -> 17 | T40: 4CL | U40: =COUNTIFS(CHARLIE!RANK,"4CL",CHARLIE!CONFINEMENT,"YES",CHARLIE!N:N, ">0") -> 7 | W40: 4CL | X40: =COUNTIFS(DELTA!RANK,"4CL",DELTA!CONFINEMENT,"YES") -> 2 | Z40: 4CL | AA40: =COUNTIFS(DELTA!RANK,"4CL",DELTA!CONFINEMENT,"YES",DELTA!N:N, ">0") -> 0 | AC40: 4CL | AD40: =COUNTIFS(ECHO!RANK,"4CL",ECHO!CONFINEMENT,"YES") -> 0 | AF40: 4CL | AG40: =COUNTIFS(ECHO!RANK,"4CL",ECHO!CONFINEMENT,"YES",ECHO!M:M, ">0") -> 0 | AI40: 4CL | AJ40: =COUNTIFS(FOXTROT!RANK,"4CL",FOXTROT!CONFINEMENT,"YES") -> 0 | AL40: 4CL | AM40: =COUNTIFS(FOXTROT!RANK,"4CL",FOXTROT!CONFINEMENT,"YES",FOXTROT!N:N, ">0") -> 0 | AO40: 4CL | AP40: =COUNTIFS(GOLF!RANK,"4CL",GOLF!CONFINEMENT,"YES") -> 0 | AR40: 4CL | AS40: =COUNTIFS(GOLF!RANK,"4CL",GOLF!CONFINEMENT,"YES",GOLF!N:N, ">0") -> 0 | AU40: 4CL | AV40: =COUNTIFS(HAWK!RANK,"4CL",HAWK!CONFINEMENT,"YES") -> 0 | AX40: 4CL | AY40: =COUNTIFS(HAWK!RANK,"4CL",HAWK!CONFINEMENT,"YES",HAWK!N:N, ">0") -> 0 | BA40: 4CL | BB40: =COUNTIFS(#REF!,"4CL",#REF!,"YES") -> 0 | BD40: 4CL | BE40: =COUNTIFS(#REF!,"4CL",#REF!,"YES",CONDUCT!N:N, ">0") -> 0
E41: TOTAL | F41: =SUM(F37:F40) -> 15 | H41: TOTAL | I41: =SUM(I37:I40) -> 11 | K41: TOTAL | L41: =SUM(L37:L40) -> 16 | N41: TOTAL | O41: =SUM(O37:O40) -> 0 | Q41: TOTAL | R41: =SUM(R37:R40) -> 68 | T41: TOTAL | U41: =SUM(U37:U40) -> 20 | W41: TOTAL | X41: =SUM(X37:X40) -> 29 | Z41: TOTAL | AA41: =SUM(AA37:AA40) -> 4 | AC41: TOTAL | AD41: =SUM(AD37:AD40) -> 37 | AF41: TOTAL | AG41: =SUM(AG37:AG40) -> 1 | AI41: TOTAL | AJ41: =SUM(AJ37:AJ40) -> 0 | AL41: TOTAL | AM41: =SUM(AM37:AM40) -> 0 | AO41: TOTAL | AP41: =SUM(AP37:AP40) -> 4 | AR41: TOTAL | AS41: =SUM(AS37:AS40) -> 3 | AU41: TOTAL | AV41: =SUM(AV37:AV40) -> 59 | AX41: TOTAL | AY41: =SUM(AY37:AY40) -> 8 | BA41: TOTAL | BB41: =SUM(BB37:BB40) -> 0 | BD41: TOTAL | BE41: =SUM(BE37:BE40) -> 0
E46: TOURING | K46: CONFINED | Q46: TOURING/CONFINED
E48: A | F48: 6 | K48: A | L48: =F41 -> 15 | Q48: A | R48: =I41 -> 11
E49: B | F49: =SUM(L20:O21) -> 0 | K49: B | L49: =L41 -> 16 | Q49: B | R49: =O41 -> 0
E50: C | F50: =SUM(R20:U21) -> 24 | K50: C | L50: =R41 -> 68 | Q50: C | R50: =U41 -> 20
E51: D | F51: =SUM(X32:Z33) -> 18 | K51: D | L51: =X41 -> 29 | Q51: D | R51: =AA41 -> 4
E52: E | F52: =SUM(AD20:AG21) -> 2 | K52: E | L52: =AD41 -> 37 | Q52: E | R52: =AG41 -> 1
E53: F | F53: =SUM(AJ20:AM21) -> 11 | K53: F | L53: =AJ41 -> 0 | Q53: F | R53: =AJ41 -> 0
E54: G | F54: =SUM(AP20:AS21) -> 0 | K54: G | L54: =AP41 -> 4 | Q54: G | R54: =AS41 -> 3
E55: H | F55: =SUM(AV19:AY20) -> 4 | K55: H | L55: =(AV41) -> 59 | Q55: H | R55: =AY41 -> 8
E56: CONDUCT | F56: 30 | K56: CONDUCT | L56: 16 | Q56: CONDUCT | R56: 11
E57: TOTAL | F57: =SUM(F48:J56) -> 95 | K57: TOTAL | L57: =SUM(L48:P56) -> 244 | Q57: TOTAL | R57: =SUM(R48:V56) -> 58
E84: SUMMARY
E86: NATURE OF REPORT | F86: 1CL | G86: 2CL | H86: 3CL | I86: 4CL | K86: PER CLASS OF OFFENSES
E87: UNNACCOUNTED/ABSENT | F87: =F10+L10+R10+X10+AD10+AJ10+AP10+AV10 -> 2 | G87: =G10+M10+S10+Y10+AE10+AK10+AQ10+AW10 -> 2 | H87: =H10+N10+T10+Z10+AF10+AL10+AR10+AX10 -> 4 | I87: 2
E88: LATE | F88: =F11+L11+R11+X11+AD11+AJ11+AP11+AV11 -> 0 | G88: =G11+M11+S11+Y11+AE11+AK11+AQ11+AW11 -> 1 | H88: =H11+N11+T11+Z11+AF11+AL11+AR11+AX11 -> 11 | I88: =I11+O11+U11+AA11+AG11+AM11+AS11+AY11 -> 2 | K88: CLASS OF OFFENSE | L88: 1CL | M88: 2CL | N88: 3CL | O88: 4CL
E89: NEGLIGENCE OF DUTY | F89: =F12+L12+R12+X12+AD12+AJ12+AP12+AV12 -> 0 | G89: =G12+M12+S12+Y12+AE12+AK12+AQ12+AW12 -> 0 | H89: =H12+N12+T12+Z12+AF12+AL12+AR12+AX12 -> 4 | I89: =I12+O12+U12+AA12+AG12+AM12+AS12+AY12 -> 0 | K89: I | L89: =SUM(F26,L26,R26,X26,AD26,AJ26,AP26,AV26) -> 1 | M89: =SUM(G26,M26,S26,Y26,AE26,AK26,AQ26,AW26) -> 1 | N89: =SUM(H26,N26,T26,Z26,AF26,AL26,AR26,AX26) -> 1 | O89: =SUM(I26,O26,U26,AA26,AG26,AM26,AS26,AY26) -> 0
E90: POSSESSING/USING UNAUTHORIZED ITEM | F90: =F13+L13+R13+X13+AD13+AJ13+AP13+AV13 -> 0 | G90: =G13+M13+S13+Y13+AE13+AK13+AQ13+AW13 -> 5 | H90: =H13+N13+T13+Z13+AF13+AL13+AR13+AX13 -> 3 | I90: =I13+O13+U13+AA13+AG13+AM13+AS13+AY13 -> 0
E91: DOING UNAUTHORIZED THINGS | F91: =F14+L14+R14+X14+AD14+AJ14+AP14+AV14 -> 2 | G91: =G14+M14+S14+Y14+AE14+AK14+AQ14+AW14 -> 9 | H91: =H14+N14+T14+Z14+AF14+AL14+AR14+AX14 -> 4 | I91: =I14+O14+U14+AA14+AG14+AM14+AS14+AY14 -> 2 | K91: II | L91: =SUM(F28,L28,R28,X28,AD28,AJ28,AP28,AV28) -> 1 | M91: =SUM(G28,M28,S28,Y28,AE28,AK28,AQ28,AW28) -> 17 | N91: =SUM(H28,N28,T28,Z28,AF28,AL28,AR28,AX28) -> 8 | O91: =SUM(I28,O28,U28,AA28,AG28,AM28,AS28,AY28) -> 1
E92: SEXUAL MISCONDUCT/HARASSMENT | F92: =F15+L15+R15+X15+AD15+AJ15+AP15+AV15 -> 0 | G92: =G15+M15+S15+Y15+AE15+AK15+AQ15+AW15 -> 0 | H92: =H15+N15+T15+Z15+AF15+AL15+AR15+AX15 -> 0 | I92: =I15+O15+U15+AA15+AG15+AM15+AS15+AY15 -> 0
E93: MALTREATMENT/NTP/CTP | F93: =F16+L16+R16+X16+AD16+AJ16+AP16+AV16 -> 0 | G93: =G16+M16+S16+Y16+AE16+AK16+AQ16+AW16 -> 2 | H93: =H16+N16+T16+Z16+AF16+AL16+AR16+AX16 -> 0 | I93: =I16+O16+U16+AA16+AG16+AM16+AS16+AY16 -> 0 | K93: III | L93: =SUM(F30,L30,R30,X30,AD30,AJ30,AP30,AV30) -> 2 | M93: =SUM(G30,M30,S30,Y30,AE30,AK30,AQ30,AW30) -> 6 | N93: =SUM(H30,N30,T30,Z30,AF30,AL30,AR30,AX30) -> 23 | O93: =SUM(I30,O30,U30,AA30,AG30,AM30,AS30,AY30) -> 12
E94: HONOR | F94: =F17+L17+R17+X17+AD17+AJ17+AP17+AV17 -> 0 | G94: =G17+M17+S17+Y17+AE17+AK17+AQ17+AW17 -> 0 | H94: =H17+N17+T17+Z17+AF17+AL17+AR17+AX17 -> 0 | I94: =I17+O17+U17+AA17+AG17+AM17+AS17+AY17 -> 0
E95: CLEANLINESS OF ROOM | F95: =F18+L18+R18+X18+AD18+AJ18+AP18+AV18 -> 0 | G95: =G18+M18+S18+Y18+AE18+AK18+AQ18+AW18 -> 0 | H95: =H18+N18+T18+Z18+AF18+AL18+AR18+AX18 -> 0 | I95: =I18+O18+U18+AA18+AG18+AM18+AS18+AY18 -> 0 | K95: TOTAL | L95: =SUM(L89:L94) -> 4 | M95: =SUM(M89:M94) -> 24 | N95: =SUM(N89:N94) -> 32 | O95: =SUM(O89:O94) -> 13
E96: UNIFORM | F96: =F19+L19+R19+X19+AD19+AJ19+AP19+AV19 -> 0 | G96: =G19+M19+S19+Y19+AE19+AK19+AQ19+AW19 -> 0 | H96: =H19+N19+T19+Z19+AF19+AL19+AR19+AX19 -> 0 | I96: =I19+O19+U19+AA19+AG19+AM19+AS19+AY19 -> 0
E97: TOTAL | F97: =sum(F87:F96) -> 4 | G97: =SUM(G87:G96) -> 19 | H97: =SUM(H87:H96) -> 26 | I97: =SUM(I87:I96) -> 6
K102: TOURING PER CLASS
K104: 1CL | L104: =Sum(F20,L19,R20,X20,AD20,AJ20,AP20,AV20,BB20) -> 4
K105: 2CL | L105: =sum(G20,M20,S20,Y20,AE20,AK20,AQ20,AW20,BC20) -> 19
K106: 3CL | L106: =sum(H20,N20,T20,Z20,AF20,AL20,AR20,AX20,BD20) -> 26
K107: 4CL | L107: =I20+O20+U20+AA20+AG20+AM20+AS20+AY20+BE20 -> 13
K108: TOTAL | L108: =SUM(L104:P107) -> 62
J119: total
J120: =sum(F87:I87) -> 10
J121: =sum(F88:I88) -> 14
J122: =sum(F89:I89) -> 4
J123: =sum(F90:I90) -> 8
J124: =sum(F91:I91) -> 17
J125: =sum(F92:I92) -> 0
J126: =sum(F93:I93) -> 2
J127: =sum(F94:I94) -> 0
J128: =sum(F95:I95) -> 0
J129: =sum(F96:I96) -> 0

Sheet ALFA
A1: ALFA COMPANY PUNISHMENT MONITORING LIST
A2: F/SGT: CDT 2CL TORRES LCM
A3: UPDATED AS OF : | E3: 46137 | H3: 46146
A4: NOTED BY: CDT SGT MAJ 2CL JOSHUA J MASCULINO 'G' Co CCAFP
A5: ACTIVE PUNISHMENTS
A6: NO | B6: RANK | C6: LAST NAME | D6: OFFENSE | E6: CLASS | F6: NATURE OF OFFENSE | G6: DEMERITS | H6: CONFINEMENT | K6: TOURING HOURS | O6: REFERENCE | P6: REMARKS
H7: CONFINED? | I7: START | J7: END | K7: TOTAL | L7: CONVERTED | M7: SERVED | N7: REMAINING
A8: F/SGT: CDT 2CL TORRES LCM
A9: UPDATED AS OF : | E9: 46122
A10: NOTED BY: CDT SGT MAJ 2CL JOSHUA J MASCULINO 'G' Co CCAFP
A11: ACTIVE PUNISHMENTS
A12: NO | B12: RANK | C12: LAST NAME | D12: OFFENSE | E12: CLASS | F12: NATURE OF OFFENSE | G12: DEMERITS | H12: CONFINEMENT | K12: TOURING HOURS | O12: REFERENCE | P12: REMARKS
H13: CONFINED? | I13: START | J13: END | K13: TOTAL | L13: CONVERTED | M13: SERVED | N13: REMAINING
A14: 1 | B14: 2CL | C14: ATIWEN | D14: USING UNAUTHORIZED SMARTPHONE AFTER TAPS OA 04 2230 SEPTEMBER 2025 | E14: II | F14: POSSESSING UNAUTHORIZED ITEM | G14: 50 | H14: Yes | I14: 45943 | J14: 45757 | K14: 180 | L14: 0 | M14: 160 | N14: 20 | O14: S.O. NR 104 dtd 03 Septe | P14: ONGOING/CONFINED
A15: 2 | B15: 2CL | C15: ATIWEN | D15: UNAUTHORIZED PRESENCE INSIDE BARRACKS DURING AOC'S INSPECTION OA 25 1500 SEPTEMBER 2025 | E15: II | F15: UNAUTHORIZED PRESENCE/OFF LIMITS | G15: 20 | H15: Yes | I15: 45758 | J15: 45772 | K15: 40 | L15: 0 | M15: 0 | N15: =K15-M15-L15 -> 40 | O15: S.O. NR 104 dtd 03 Septe | P15: ONGOING/CONFINED
A16: 3 | B16: 2CL | C16: BLANCO | D16: POSSESSING SMARTPHONE OA 28 0820 SEPTEMBER 2025 | E16: II | F16: POSSESSING UNAUTHORIZED ITEM | G16: 50 | H16: Yes | I16: 45950 | J16: 46129 | K16: 180 | L16: 0 | M16: 180 | N16: =K16-M16-L16 -> 0 | O16: S.O. NR 131 dtd 13 October 2025 | P16: CONFINED
A17: 4 | B17: 2CL | C17: MALANOT | D17: POSSESSING SMARTPHONE OA 19 0800 OCTOBER 2025 | E17: II | F17: POSSESSING/USING UNAUTHORIZED ITEM | G17: 50 | H17: Yes | I17: 45965 | J17: 45779 | K17: 180 | L17: 0 | M17: 160 | N17: =K17-M17-L17 -> 20 | O17: SO 153 | P17: ONGOING/CONFINED
A18: 5 | B18: 2CL | C18: BLANCO | D18: POSSESSING VAPE OA 04 1500 NOVEMBER 2025 | E18: II | F18: POSSESSING/USING UNAUTHORIZED ITEM | G18: 30 | H18: Yes | I18: 45815 | J18: 45863 | K18: 65 | L18: 0 | M18: 65 | N18: =K18-M18-L18 -> 0 | O18: SO 162 | P18: CONFINED
A19: 6 | B19: 3CL | C19: TUMARAO | D19: ACCESSING TIKTOK AFTER TAPS 0A 22 2300 JANUARY 2026 | E19: III | F19: DOING UNAUTHORIZED THINGS | G19: 19 | H19: No | K19: 39 | L19: 0 | M19: 39 | N19: =K19-M19-L19 -> 0 | O19: SO NR 34 | P19: SERVED
A20: 7 | B20: 3CL | C20: LADIONG | D20: VIDEO CALLING AFTER TAPS OA 22 2300 JANUARY 2026 | E20: III | F20: DOING UNAUTHORIZED THINGS | G20: 19 | H20: No | K20: 39 | L20: 0 | M20: 39 | N20: =K20-M20-L20 -> 0 | O20: SO NR 34 | P20: SERVED
B21: 1CL | C21: DE MESA | D21: THAT IS TAKING ANOTHER CADETS' LAPTOP AND VIEWING ITS CONTENT AND SPREADING FALSE INFORMATION O/A 03 1100H NOVEMBER 2025. | E21: I | F21: VIOLATING OTHER PEOPLE'S PRIVACY | G21: 0 | H21: Yes | I21: 46045 | J21: 46226 | K21: 181 | M21: 165 | N21: 16 | O21: S.O. Nr. 09 dts 23 JANUARY 2026 | P21: ONGOING
A22: 7 | B22: 3CL | C22: CARAG | D22: CAUGHT SMOKING A CIGARETTE AT THE REGIS HALL BASEMENT 0A 06 0645 DECEMBER 2025 DURING THE NCOD RANDOM INSPECTION | E22: II | F22: DOING UNAUTHORIZED THINGS | G22: 30 | H22: Yes | I22: 46158 | J22: 46207 | K22: 65 | L22: 0 | M22: 65 | N22: 0 | O22: SO 02 | P22: ONGOING/CONFINED
A23: 24 | B23: 4CL | C23: DOMALLIG | D23: UNAUTHORIZED ELECTRONIC THAT IS POSSESSING SMARTPHONE OA 0623 MARCH 2026 | E23: II | F23: POSSESSING/USING UNAUTHORIZED ITEM | G23: 50 | H23: Yes | I23: 46107 | J23: 46286 | K23: 180 | L23: 0 | M23: 180 | N23: 0 | O23: SO NR 34 | P23: ONGOING/CONFINED
B24: 1CL | C24: IDULSA | D24: UNACCOUNTED DURING SILENT DRILL A/A 09 0800H MAY 2026 | E24: III | F24: UNACCOUNTED | G24: 10 | H24: No | K24: 10 | L24: 0 | M24: 0 | N24: 10 | P24: ONGOING
B25: 2CL | C25: AVISADO | D25: SLEEPING WITH ANOTHER CADET O/A 06 1150H 2026 | E25: III | F25: DOING UNATHORIZED THINGS | G25: 10 | H25: No | K25: 10 | L25: 0 | M25: 0 | N25: 10 | P25: ONGOING
B26: 2CL | C26: SENSANO | D26: SLEEPING WITH ANOTHER CADET WHILE ACCESSING UNAUTHORIZED WEBSITE O/A 06 1150H 2026 | E26: III | F26: DOING UNATHORIZED THINS | G26: 10 | H26: No | K26: 10 | L26: 0 | M26: 0 | N26: 10 | P26: ONGOING
B27: 3CL | C27: NAMBONG | D27: AS A RESPONSIBLE 2ND RELIEF SENTINEL, LATE FROM POSTING O/A 25 0020H APRIL 2026 | E27: II | F27: LATE | G27: 12 | H27: No | K27: 16 | L27: 0 | M27: 0 | N27: 16 | P27: ONGOING
B28: 2CL | C28: CARTAGENAS | D28: ACCESSING FACEBOOK O/A 15 0030H MAY 2026 | E28: II | F28: DOING UNAUTHORIZED THINGS | G28: 20 | H28: Yes | I28: 46171 | J28: 46185 | K28: 40 | L28: 0 | M28: 0 | N28: 40 | O28: S0 69 | P28: ONGOING/CONFINED
B29: 2CL | C29: FOCASAN | D29: LAPTOPING AFTER COMPLETENESS INSPECTION O/A 19 0010 MAY 2026 | E29: II | F29: DOING UNAUTHORIZED THINGS | G29: 20 | H29: Yes | I29: 46171 | J29: 46185 | K29: 40 | L29: 0 | M29: 0 | N29: 40 | O29: SO 69 | P29: ONGOING/CONFINED
B30: 2CL | C30: LACADEN | D30: LAPTOPING AFTER COMPLETENESS INSPECTION O/A 19 0010 MAY 2026 | E30: II | F30: DOING UNAUTHORIZED THINGS | G30: 20 | H30: Yes | I30: 46171 | J30: 46185 | K30: 40 | L30: 0 | M30: 0 | N30: 40 | O30: SO 69 | P30: ONGOING/CONFINED
B31: 2CL | C31: LADIONG | D31: POSSESSING SMARTPHONE O/A 15 0030 MAY 2026 | E31: II | F31: DOING UNATHORIZED THINGS | G31: 50 | H31: Yes | I31: 46171 | J31: 46350 | K31: 180 | L31: 0 | M31: 0 | N31: 180 | O31: SO 69 | P31: ONGOING/CONFINED
B32: 2CL | C32: MALOMAY | D32: DOING UNATHORIZED THINGS AFTER TAPS THAT IS WATCHING SERIES (LIONESS) O/A 20 23200 MAY 2026 | E32: II | F32: DOING UNATHORIZED THINGS | G32: 20 | H32: Yes | I32: 46171 | J32: 46185 | K32: 40 | L32: 0 | M32: 0 | N32: 40 | O32: SO 69 | P32: ONGOING/CONFINED
B33: 2CL | C33: PAMONAG | D33: POSSESSING POCKET WIFI O/A 15 1115H MAY 2026 | E33: II | F33: POSSESSING UNAUTHORIZED ITEMS | G33: 20 | H33: Yes | I33: 46171 | J33: 46185 | K33: 40 | L33: 0 | M33: 0 | N33: 40 | O33: SO 69 | P33: ONGOING/CONFINED
B34: 2CL | C34: PAMONAG | D34: HAVING UNATHORIZED POCKET WIFI O/A 19 0005 MAY 2026 | E34: II | F34: POSSESING UNAUTHORIZED ITEMS | G34: 25 | H34: Yes | I34: 46186 | J34: 46215 | K34: 50 | L34: 0 | M34: 0 | N34: 50 | O34: SO 69 | P34: ONGOING/CONFINED
B35: 3CL | C35: NAMBONG | D35: AS A RESPONSIBLE 2ND RELIEF SENTINEL, LATE FROM POSTING O/A 25 0020H APRIL 2026 | E35: II | F35: LATE | G35: 12 | H35: No | K35: 16 | L35: 0 | M35: 0 | N35: 16 | P35: ONGOING

Sheet BRAVO
A1: BRAVO COMPANY PUNISHMENT MONITORING LIST
A2: F/SGT: CDT 2CL ADAY KAC
A3: UPDATED AS OF : | E3: 46166
A4: NOTED BY: CDT SGT MAJ 2CL FIONA LISA C DEMARAYE 'H' Co CCAFP
A5: ACTIVE PUNISHMENTS
A6: NO | B6: RANK | C6: LAST NAME | D6: OFFENSE | E6: CLASS | F6: NATURE OF OFFENSE | G6: DEMERITS | H6: CONFINEMENT | K6: TOURING HOURS | O6: REFERENCE | P6: REMARKS
H7: CONFINED? | I7: START | J7: END | K7: TOTAL | L7: CONVERTED | M7: SERVED | N7: REMAINING
A8: 1 | B8: 2LT | C8: BUCO | D8: FORCING A POSTED ACCQ TO WATCH PORNOGRAPHIC VIDEO O/A 10 1315H NOVEMBER 2025 | E8: II | F8: DOING UNAUTHORIZED THINGS | G8: 50 | H8: Yes | I8: 46073 | J8: 46252 | K8: 180 | L8: 0 | M8: 180 | N8: =K8-L8-M8 -> 0 | O8: S.R. Nr 32 dtd 20 FEBRUARY 2026 | P8: CONFINED
A9: 18 | B9: 2CL | C9: UNDANG | D9: NOT POSTING AS 2ND RELIEF SENTINEL AT 4TH FLOOR REGIS HALL OA 13 2325 FEBUARY 2026 | E9: II | F9: NEGLIGENCE OF DUTY | G9: 30 | H9: Yes | I9: 46128 | J9: 46177 | K9: 65 | L9: 0 | M9: 65 | N9: =(K9-M9) -> 0 | O9: S.O. NR 56 dtd 16 APRIL 2026 | P9: CONFINED
A10: 15 | B10: 2CL | C10: DULAY | D10: UNACCOUNTED DURING COMMAND FLAG RAISING OA 02 0710 MARCH 2026 | E10: II | F10: UNNACCOUNTED/ABSENT | G10: 30 | H10: Yes | I10: 46128 | J10: 46177 | K10: 65 | L10: 0 | M10: 65 | N10: 0 | O10: S.O. NR 56 dtd 16 APRIL 2026 | P10: CONFINED
A18: SERVED PUNISHMENTS
A19: 2 | B19: 2LT | C19: BUCO | D19: RAMBAGIZED ROOM DURING POLICE CALL INSPECTION O/A 27 1730H JANUARY 2026 | E19: III | F19: CLEANLINESS OF ROOM | G19: 8 | H19: No | K19: 8 | L19: 0 | M19: 8 | N19: =K19-L19-M19 -> 0 | O19: S.R. Nr 44 dtd 23 MARCH 2026 | P19: SERVED
A20: 4 | B20: 1CL | C20: AQUINO | D20: ACCESSING TIKTOK DURING UNAUTHORIZED PERIOD 09 1540H FEBRUARY 2026 | E20: II | F20: DOING UNAUTHORIZED THINGS | G20: 20 | H20: No | I20: 46073 | J20: 46087 | K20: 40 | L20: 0 | M20: 40 | N20: =K20-L20-M20 -> 0 | O20: S.R. Nr 32 dtd 20 FEBRUARY 2026 | P20: SERVED
A21: 5 | B21: 1CL | C21: BERNARDO | D21: POSSESSING UNAUTHORIZED ITEM (VAPE) O/A 27 0720H FEBRUARY 2026 | E21: II | F21: POSSESSING/USING UNAUTHORIZED ITEM | G21: 30 | H21: Yes | I21: 46111 | J21: 46160 | K21: 65 | L21: 0 | M21: 65 | N21: =K21-L21-M21 -> 0 | O21: S.R. Nr 49 dtd 30 MARCH 2026 | P21: SERVED
A22: 6 | B22: 1CL | C22: ANTOLIN | D22: PURSUANT TO SECTION XIX, PARAGRAPH 1.A OF THE CCAFPR SERIES 2024 | E22: I | F22: MALTREATMENT/NTP/CTP | G22: 51 | H22: Yes | I22: 45985 | J22: 45800 | K22: 181 | L22: 0 | M22: 181 | N22: =K22-L22-M22 -> 0 | O22: S.R. Nr 320 dtd 24 NOVEMBER 2025 | P22: SERVED
A23: 7 | B23: 1CL | C23: BANAN | D23: VIOLATION OF PARAGRAPH 5 AND PARAGRAPH 6, SECTION XXVII OF THE CCAFPR SERIES 2024 | E23: II | F23: VIOLATION OF CCAFPR | G23: 51 | H23: No | I23: 45926 | J23: 45742 | K23: 181 | L23: 0 | M23: 181 | N23: =K23-L23-M23 -> 0 | O23: S.O. NR 269 dtd 26 SEPTEMBER 2025 | P23: SERVED
A24: 8 | B24: 1CL | C24: BEDANA | D24: ABSENT FROM DUTY THAT IS NOT ATTENDING 2CL SWORD PICTORIAL DESPITE NUMEROUS ANNOUNCEMENTS TO DO SO FROM THE GUARDROOM O/A 11 1000 JANUARY 2026 | E24: II | F24: UNNACCOUNTED/ABSENT | G24: 30 | H24: Yes | I24: 46048 | J24: 46097 | K24: 65 | L24: 0 | M24: 65 | N24: =K24-L24-M24 -> 0 | O24: S.O. Nr. 18 dtd 23 JANUARY 2025 | P24: SERVED
A25: 9 | B25: 1CL | C25: MARTINEZ | D25: 21HRS LATE FROM TERMINATION OF EMERGENCY LEAVE OA 07 0430 OCTOBER 2025 | E25: II | F25: LATE | G25: 50 | H25: No | I25: 45953 | J25: 45767 | K25: 180 | L25: 3 | M25: 177 | N25: =K25-L25-M25 -> 0 | O25: S.O. NR 145 dtd 23 OCTOBER 2025 | P25: SERVED
A26: 10 | B26: 1CL | C26: OLASO | D26: PURSUANT TO SECTION XIX, PARAGRAPH 1.A OF THE CCAFPR SERIES 2024 | E26: I | F26: MALTREATMENT/NTP/CTP | G26: 51 | H26: Yes | I26: 45985 | J26: 45800 | K26: 181 | L26: 10 | M26: 171 | N26: =K26-L26-M26 -> 0 | O26: S.R. Nr 320 dtd 24 NOVEMBER 2025 | P26: SERVED
A27: 11 | B27: 1CL | C27: SARMIENTO | D27: PURSUANT TO SECTION XIX, PARAGRAPH 1.A OF THE CCAFPR SERIES 2024 | E27: I | F27: MALTREATMENT/NTP/CTP | G27: 51 | H27: Yes | I27: 45985 | J27: 45800 | K27: 181 | L27: 0 | M27: 181 | N27: =K27-L27-M27 -> 0 | O27: S.R. Nr 320 dtd 24 NOVEMBER 2025 | P27: SERVED
A28: 12 | B28: 1CL | C28: SARMIENTO | D28: UNAUTHORIZED LENDING OF HIS PERSONAL COMPUTER TO HIS 4CL SQUADMATE AT HC WHICH RESULTED IN MISUSE, AS THE LATTER WAS PLAYING AN OFFLINE GAME DURING AOCS INSPECTION O/A 09 1540H FEBRUARY 2026 | E28: II | F28: NEGLIGENCE OF DUTY | G28: 30 | H28: No | I28: 46111 | J28: 46160 | K28: 65 | L28: 0 | M28: 65 | N28: =K28-L28-M28 -> 0 | O28: S.R. Nr 49 dtd 30 MARCH 2026 | P28: SERVED
A29: 13 | B29: 2CL | C29: ARAOJO | D29: TALKING TO THE GUARD IN THE HALLWAY WHILE BEING INDECENT OA 18 0830 FEBUARY 2026 | E29: II | F29: DOING UNAUTHORIZED THINGS | G29: 20 | H29: Yes | I29: 46128 | J29: 46142 | K29: 40 | L29: 0 | M29: 40 | N29: 0 | O29: S.O. Nr 53 dtd 4 APRIL 2026 | P29: SERVED
A30: 14 | B30: 2CL | C30: ARAOJO | D30: ATTEMPTING TO BUY AT MHAAN'S DURING FELXIBLE EVEING MESS OA 28 1230 FEBUARY 2026 | E30: II | F30: DOING UNAUTHORIZED THINGS | G30: 20 | H30: Yes | I30: 46143 | J30: 46157 | K30: 40 | L30: 0 | M30: 40 | N30: 0 | O30: S.O. Nr 53 dtd 4 APRIL 2026 | P30: SERVED
A31: 16 | B31: 2CL | C31: GARCIA | D31: RAMBAGIZED ROOM OA 01 0740 MARCH 2026 | E31: III | F31: CLEANLINESS OF ROOM | G31: 9 | H31: No | K31: 9 | L31: 0 | M31: 9 | N31: 0 | O31: S.O. Nr 53 dtd 4 APRIL 2026 | P31: SERVED
A32: 17 | B32: 2CL | C32: IRAL | D32: AS A 5TH RELIEF SENTINEL, LATE FROM POSTING AT THE HOLDING CENTER OA 13 0210 FEBRUARY 2026 | E32: III | F32: LATE | G32: 13 | H32: No | K32: 19 | L32: 0 | M32: 19 | N32: 0 | O32: S.O. Nr 53 dtd 4 APRIL 2026 | P32: SERVED
A33: 19 | B33: 2CL | C33: BALAGUER | D33: ACCESSING FACEBOOK AFTER TAPS O/A 22 2300H JANUARY 2026 | E33: III | F33: DOING UNAUTHORIZED THINGS | G33: 19 | H33: No | K33: 39 | L33: 0 | M33: 39 | N33: =K33-L33-M33 -> 0 | O33: S.R. Nr 34 dtd 26 FEBRUARY 2026 | P33: SERVED
A34: 20 | B34: 2CL | C34: BALAGUER | D34: AS A RESPONSIBLE CCQ NOT ATTENDING THE FLAG RAISING O/A 02 0500 JANUARY 2026 | E34: II | F34: UNNACCOUNTED/ABSENT | G34: 30 | H34: No | I34: 46044 | J34: 46093 | K34: 65 | L34: 0 | M34: 65 | N34: =K34-L34-M34 -> 0 | O34: S.O. Nr. 16 dtd 23 JANUARY 2025 | P34: SERVED
A35: 21 | B35: 2CL | C35: DULAY | D35: FACEBOOKING AFTER TAPS O/A 14 2310 JANUARY 2026 | E35: II | F35: DOING UNAUTHORIZED THINGS | G35: 20 | H35: No | I35: 46048 | J35: 46062 | K35: 40 | L35: 0 | M35: 40 | N35: =K35-L35-M35 -> 0 | O35: S.O. Nr. 18 dtd 23 JANUARY 2025 | P35: SERVED
A36: 22 | B36: 2CL | C36: DIAZ | D36: OFF LIMITS THAT IS SLEEPING IN ANOTHER CADET'S ROOM AFTER TAPS O/A 12 2345H FEBRUARY 2026 | E36: II | F36: DOING UNAUTHORIZED THINGS | G36: 25 | H36: Yes | I36: 46111 | J36: 46140 | K36: 50 | L36: 0 | M36: 50 | N36: =K36-L36-M36 -> 0 | O36: S.R. Nr 49 dtd 30 MARCH 2026 | P36: SERVED
A37: 23 | B37: 3CL | C37: ASUNCION MH | D37: FIVE MINS LATE FROM STUDY PERIOD OA 20 1305 MARCH 2026 | E37: III | F37: NEGLIGENCE OF DUTY | G37: 8 | H37: No | K37: 8 | L37: 0 | M37: 8 | N37: 0 | O37: S.O. Nr 53 dtd 4 APRIL 2026 | P37: SERVED
A38: 24 | B38: 3CL | C38: GABUYA | D38: ACADEMIC NEGLIGENCE THAT IS NOT ANSWERING GPS NR 23 MAT133 DTD 10 MARCH 2026 | E38: III | F38: NEGLIGENCE OF DUTY | G38: 8 | H38: No | K38: 8 | L38: 0 | M38: 8 | N38: 0 | O38: S.O. Nr 53 dtd 4 APRIL 2026 | P38: SERVED
A39: 25 | B39: 3CL | C39: PATULOT | D39: ACADEMIC NEGLIGENCE THAT IS NOT ANSWERING GPS NR 23 MAT133 DTD 10 MARCH 2026 | E39: III | F39: NEGLIGENCE OF DUTY | G39: 8 | H39: No | K39: 65 | L39: 0 | M39: 65 | N39: 0 | O39: S.O. Nr 53 dtd 4 APRIL 2028 | P39: SERVED
A40: 26 | B40: 3CL | C40: RAMASTA | D40: ACADEMIC NEGLIGENCE THAT IS NOT ANSWERING GPS NR 23 MAT133 DTD 10 MARCH 2026 | E40: III | F40: NEGLIGENCE OF DUTY | G40: 8 | H40: No | K40: 8 | L40: 0 | M40: 8 | N40: 0 | O40: S.O. Nr 53 dtd 4 APRIL 2029 | P40: SERVED
A41: 27 | B41: 3CL | C41: RAMASTA | D41: ACADEMIC NEGLIGENCE THAT IS NOT ANSWERING GPS NR 16 MAT133 DTD 02 FEBRUARY 2026 | E41: III | F41: NEGLIGENCE OF DUTY | G41: 8 | H41: No | K41: 8 | L41: 0 | M41: 8 | N41: 0 | O41: S.O. Nr 53 dtd 4 APRIL 2030 | P41: SERVED
A42: 28 | B42: 3CL | C42: RAMASTA | D42: GOING OFF LIMITS THAT IS GOING TO 1ST FLOOR ENRILE HALL OA 12 1010 MARCH 2026 | E42: III | F42: DOING UNAUTHORIZED THINGS | G42: 10 | H42: No | K42: 10 | L42: 0 | M42: 10 | N42: 0 | O42: S.O. Nr 53 dtd 4 APRIL 2031 | P42: SERVED
A43: 29 | B43: 3CL | C43: MANUEL | D43: RAMBAGIZED FOOT LOCKER DURING OC'S INSPECTION OA 19 2000 MARCH 2026 | E43: III | F43: CLEANLINESS OF ROOM | G43: 8 | H43: No | K43: 8 | L43: 0 | M43: 8 | N43: 0 | O43: S.O. Nr 53 dtd 4 APRIL 2033 | P43: SERVED
A44: 30 | B44: 3CL | C44: VILLARIAZA | D44: RAMBAGIZED FOOT LOCKER DURING OC'S INSPECTION OA 19 2000 MARCH 2026 | E44: III | F44: CLEANLINESS OF ROOM | G44: 8 | H44: No | K44: 8 | L44: 0 | M44: 8 | N44: 0 | O44: S.O. Nr 53 dtd 4 APRIL 2035 | P44: SERVED
A45: 31 | B45: 3CL | C45: SANCHEZ | D45: GOING OFF LIMITS THAT IS GOING TO 1ST FLOOR ENRILE HALL OA 12 1010 MARCH 2026 | E45: III | F45: DOING UNAUTHORIZED THINGS | G45: 10 | H45: No | K45: 10 | L45: 0 | M45: 10 | N45: 0 | O45: S.O. Nr 53 dtd 4 APRIL 2036 | P45: SERVED
A46: 32 | B46: 3CL | C46: ASUNCION AJ | D46: AS A RESPONSIBLE GUARD, ACCESSING SOCIAL MEDIA (FACEBOOK) O/A 26 1920H FEBRUARY 2026 | E46: II | F46: DOING UNAUTHORIZED THINGS | G46: 30 | H46: Yes | I46: 46111 | J46: 46160 | K46: 65 | L46: 0 | M46: 65 | N46: =K46-L46-M46 -> 0 | O46: S.R. Nr 49 dtd 30 MARCH 2026 | P46: SERVED
A47: 33 | B47: 3CL | C47: ASUNCION MH | D47: POSSESSING UNAUTHORIZED APPLIANCE THAT IS HEATER ON OR ABOUT 24 JANUARY 2026 | E47: II | F47: POSSESSING/USING UNAUTHORIZED ITEM | G47: 20 | H47: No | I47: 46091 | J47: 46106 | K47: 40 | L47: 0 | M47: 40 | N47: =K47-L47-M47 -> 0 | O47: S.O. Nr. 18 dtd 23 JANUARY 2024 | P47: SERVED
A48: 34 | B48: 3CL | C48: SUNGA | D48: NOT ATTENDING FLAG RAISING O/A 06 0710 JANUARY 2026 | E48: III | F48: UNNACCOUNTED/ABSENT | G48: 30 | H48: No | K48: 65 | L48: 0 | M48: 65 | N48: =K48-L48-M48 -> 0 | O48: S.O. Nr. 18 dtd 23 JANUARY 2025 | P48: SERVED
A49: 35 | B49: 3CL | C49: SUNGA | D49: GOING OFF LIMITS THAT IS GOING TO POST-COMMISSARY OA 20 1320 MARCH 2026 | E49: II | F49: DOING UNAUTHORIZED THINGS | G49: 20 | H49: Yes | I49: 46128 | J49: 46142 | K49: 40 | L49: 0 | M49: 40 | N49: 0 | O49: S.O. NR 56 dtd 16 APRIL 2026 | P49: SERVED
A50: 36 | B50: 3CL | C50: GABUYA | D50: POSSESSING UNAUTHORIZED ELECTRONIC DEVICE THAT IS POSSESSING VAPE ON OR ABOUT 24 JANUARY 2026 | E50: II | F50: POSSESSING/USING UNAUTHORIZED ITEM | G50: 30 | H50: Yes | I50: 46103 | J50: 46152 | K50: 65 | L50: 0 | M50: 65 | N50: 0 | O50: S.O. Nr. 18 dtd 23 JANUARY 2026 | P50: SERVED
A51: 37 | B51: 3CL | C51: RAMASTA | D51: POSSESSING UNAUTHORIZED APPLIANCE THAT IS HEAT GUN DURING AOC INSPECTION ON OR ABOUT 24 JANUARY 2026 | E51: II | F51: POSSESSING/USING UNAUTHORIZED ITEM | G51: 20 | H51: No | I51: 46092 | J51: 46107 | K51: 40 | L51: 0 | M51: 40 | N51: =K51-L51-M51 -> 0 | O51: S.O. Nr. 32 dtd 20 FEBRUARY 2030 | P51: SERVED
A52: 38 | B52: 3CL | C52: RAMASTA | D52: ACCESSING FACEBOOK AS A GUARD O/A 06 1230H MARCH 2026 | E52: II | F52: DOING UNAUTHORIZED THINGS | G52: 30 | H52: Yes | I52: 46111 | J52: 46160 | K52: 65 | L52: 0 | M52: 65 | N52: 0 | O52: S.R. Nr 49 dtd 30 MARCH 2026 | P52: SERVED
A53: 39 | B53: 3CL | C53: SORIO | D53: OFF LIMITS THAT IS BEING IN MAYO ANNEX AS A HOLDING CENTER CADET ON OR ABOUT 03 FEBRUARY 2025 | E53: II | F53: DOING UNAUTHORIZED THINGS | G53: 25 | H53: No | I53: 46079 | J53: 46108 | K53: 50 | L53: 0 | M53: 50 | N53: =K53-L53-M53 -> 0 | O53: S.O. Nr. 32 dtd 20 FEBRUARY 2032 | P53: SERVED
A54: 40 | B54: 3CL | C54: LORENZO | D54: DOING UNAUTHORIZED THING THAT IS ACCESSING FACEBOOK IN THE E-LIBRARY ON OR ABOUT 03 FEBRUARY 2026 | E54: II | F54: DOING UNAUTHORIZED THINGS | G54: 25 | H54: No | I54: 46078 | J54: 46107 | K54: 50 | L54: 0 | M54: 50 | N54: 0 | O54: S.R. Nr 34 dtd 26 FEBRUARY 2026 | P54: SERVED
A55: 41 | B55: 3CL | C55: PENAREDONDO | D55: NOT MAINTAINING DIGNITY AS A GUARD THAT IS USING THE CQ PHONE TO TAKE PICTURES O/A 07 FEBRUARY 2026 | E55: II | F55: DOING UNAUTHORIZED THINGS | G55: 25 | H55: Yes | I55: 46111 | J55: 46140 | K55: 50 | L55: 0 | M55: 50 | N55: =K55-L55-M55 -> 0 | O55: S.R. Nr 49 dtd 30 MARCH 2026 | P55: SERVED
A56: 42 | B56: 3CL | C56: POLLESCAS | D56: NOT MAINTAINING DIGNITY AS A GUARD THAT IS USING THE CQ PHONE TO TAKE PICTURES O/A 07 FEBRUARY 2026 | E56: II | F56: DOING UNAUTHORIZED THINGS | G56: 25 | H56: Yes | I56: 46111 | J56: 46140 | K56: 50 | L56: 0 | M56: 50 | N56: =K56-L56-M56 -> 0 | O56: S.R. Nr 49 dtd 30 MARCH 2026 | P56: SERVED
A57: 43 | B57: 3CL | C57: SORIO | D57: NOT OBSERVING POLICE CALL INSPECTION THAT IS NOT STANDING BESIDE BUNKS O/A 14 FEBRUARY 2026 | E57: III | F57: NEGLIGENCE OF DUTY | G57: 8 | H57: No | K57: 8 | L57: 0 | M57: 8 | N57: =K57-L57-M57 -> 0 | O57: S.R. Nr 44 dtd 23 MARCH 2026 | P57: SERVED
A58: 44 | B58: 3CL | C58: SORIO | D58: HAVING RAMBAGIZED ROOM DURING AOCS INSPECTION O/A 28 1735H JANUARY 2026 | E58: III | F58: CLEANLINESS OF ROOM | G58: 8 | H58: No | K58: 8 | L58: 0 | M58: 8 | N58: =K58-L58-M58 -> 0 | O58: S.R. Nr 44 dtd 23 MARCH 2026 | P58: SERVED
A59: 45 | B59: 3CL | C59: TENOSO | D59: HAVING RAMBAGIZED ROOM DURING AOCS INSPECTION O/A 28 1735H JANUARY 2026 | E59: III | F59: CLEANLINESS OF ROOM | G59: 8 | H59: No | K59: 8 | L59: 0 | M59: 8 | N59: =K59-L59-M59 -> 0 | O59: S.R. Nr 44 dtd 23 MARCH 2026 | P59: SERVED

Sheet CHARLIE
A1: CHARLIE COMPANY PUNISHMENT MONITORING LIST
A2: F/SGT: CDT 2CL NANALE DF
A3: UPDATED AS OF : | E3: 46146
A4: NOTED BY: CDT SGT MAJ 2CL FIONA LISA C DEMARAYE 'H' Co CCAFP
A5: ACTIVE PUNISHMENTS
A6: NO | B6: RANK | C6: LAST NAME | D6: OFFENSE | E6: CLASS | F6: NATURE OF OFFENSE | G6: DEMERITS | H6: CONFINEMENT | K6: TOURING HOURS | O6: REFERENCE | P6: REMARKS
H7: CONFINED? | I7: START | J7: END | K7: TOTAL | L7: CONVERTED | M7: SERVED | N7: REMAINING
A8: 1 | B8: 1CL | C8: GATO | D8: UNAUTHORIZED PRESENCE INSIDE BARRACKS DURING MORNING MESS O/A 21 0600 JANUARY 2026 | E8: II | F8: UNNACCOUNTED/ABSENT | G8: 30 | H8: Yes | I8: 46055 | J8: 46104 | K8: 65 | L8: 0 | M8: 65 | N8: =K8-L8-M8 -> 0 | O8: S.O. Nr 20 dtd 04 FEBRUARY 2026 | P8: SERVED
A9: 3 | B9: 3CL | C9: PADALOY | D9: POSSESSING VAPE DURING INS DUTY AT DNW LABORATORY ROOM O/A 01 1750 DECEMBER 2025 | E9: II | F9: POSSESSING/USING UNAUTHORIZED ITEM | G9: 30 | H9: Yes | I9: 46031 | J9: 46080 | K9: 65 | L9: 0 | M9: 65 | N9: 0 | O9: S.O. Nr 03 dtd 14 January 2026 | P9: SERVED
A10: 4 | B10: 3CL | C10: PULIDO | D10: POSSESSING UNAUTHORIZED SMARTPHONE AFTER TAPS O/A 18 0049 DECEMBER 2025 | E10: I | F10: POSSESSING/USING UNAUTHORIZED ITEM | G10: 50 | H10: Yes | I10: 46031 | J10: 46210 | K10: 180 | L10: 0 | M10: 87 | N10: 93 | O10: S.O. Nr 03 dtd 14 January 2026 | P10: ONGOING/CONFINED
A11: 5 | B11: 3CL | C11: BAYOT | D11: BOGGING DOWN DURING PARADE ON OR ABOUT 21 FEBRUARY 2026 | E11: III | F11: DOING UNAUTHORIZED THINGS | G11: 19 | H11: No | K11: 39 | M11: 39 | N11: 0 | O11: S.O Nr 51 DTD 13 April 2026 | P11: SERVED
A12: 6 | B12: 3CL | C12: PEDROSO | D12: GOING ON OFF LIMITS THAT IS GOING TO THE HOLDING CENTER ON OR ABOUT 15 0840 FEBRUARY 2026 | E12: II | F12: DOING UNAUTHORIZED THINGS | G12: 20 | H12: Yes | I12: 46128 | J12: 46142 | K12: 40 | M12: 40 | N12: 0 | O12: S.O Nr 51 DTD 16 April 2026 | P12: ONGOING/CONFINED
A13: 7 | B13: 3CL | C13: BAYOD | D13: ACCESSING YOUTUBE ON OR ABOUT 20 2250 FEBRUARY 2026 | E13: II | F13: DOING UNAUTHORIZED THINGS | G13: 20 | H13: Yes | I13: 46128 | J13: 46142 | K13: 40 | M13: 40 | N13: 0 | O13: S.O Nr 51 DTD 16 April 2026 | P13: ONGOING/CONFINED
A14: 8 | B14: 4CL | C14: PEDRO | D14: ABSENT FROM MORNING MESS DUTY O/A 30 0450 NOVEMBER 2025 | E14: II | F14: UNNACCOUNTED/ABSENT | G14: 30 | H14: Yes | I14: 46031 | J14: 46080 | K14: 65 | L14: 0 | M14: 65 | N14: 0 | O14: S.O. Nr 03 dtd 14 January 2026 | P14: SERVED
A15: 8 | B15: 4CL | C15: PEDRO | D15: ABSENT FROM ECTQ INSPECTION ON OR ABOUT 11 1900 FEBRUARY 2026 | E15: III | F15: UNNACCOUNTED/ABSENT | G15: 10 | H15: No | K15: 10 | M15: 10 | N15: 0 | O15: S.O Nr 51 DTD 13 April 2026 | P15: SERVED
A16: 11 | B16: 4CL | C16: FERRERAS | D16: NOT ATTENDING 4CL PRP DUTY O/A 10 0500 FEBRUARY 2026 | E16: II | F16: NEGLIGENCE OF DUTY | G16: 30 | H16: Yes | I16: 46073 | J16: 46122 | K16: 65 | L16: 0 | M16: 65 | N16: =K16-L16-M16 -> 0 | O16: S.O. Nr 32 dtd 20 February 2026 | P16: SERVED
A17: 12 | B17: 4CL | C17: LAURETA | D17: POSSESSING A SMARTPHONE AS A FOURTH CLASS CADET O/A 06 2135 JANUARY 2026 | E17: II | F17: POSSESSING/USING UNAUTHORIZED ITEM | G17: 50 | H17: Yes | I17: 46055 | J17: 46234 | K17: 180 | L17: 0 | M17: 149 | N17: =K17-L17-M17 -> 31 | O17: S.O. Nr 20 dtd 04 FEBRUARY 2026 | P17: ONGOING/CONFINED
A18: 13 | B18: 4CL | C18: RODICILLAS | D18: POSSESSING A SMARTPHONE AS A FOURTH CLASS CADET O/A 06 2135 JANUARY 2026 | E18: II | F18: POSSESSING/USING UNAUTHORIZED ITEM | G18: 50 | H18: Yes | I18: 46055 | J18: 46234 | K18: 180 | L18: 0 | M18: 122 | N18: 58 | O18: S.O. Nr 20 dtd 04 FEBRUARY 2026 | P18: ONGOING/CONFINED
A19: 14 | B19: 4CL | C19: URBANO | D19: AS A RESPONSIBLE CADET-IN-CHARGE OF QUARTERS, ABANDONING POST WHILE THE ARMORY IS OPEN O/A 31 1610 JANUARY 2026 | E19: II | F19: NEGLIGENCE OF DUTY | G19: 20 | H19: Yes | I19: 46083 | J19: 46097 | K19: 40 | L19: 0 | M19: 40 | N19: 0 | O19: S.O. Nr 39 dtd 4 March 2026 | P19: SERVED
A20: 15 | B20: 4CL | C20: IMPAS | D20: NOT ATTENDING FLEXIBLE EVENING MESS ON OR ABOUT 26 1730 FEBRUARY 2026 | E20: II | F20: UNNACCOUNTED/ABSENT | G20: 30 | H20: Yes | I20: 46128 | J20: 46177 | K20: 65 | L20: 0 | M20: 65 | N20: 0 | O20: S.O. Nr 20 dtd 16 April 2026 | P20: ONGOING/CONFINED
A21: 16 | B21: 4CL | C21: MAATA | D21: NOT ATTENDING FLEXIBLE EVENING MESS ON OR ABOUT 26 1730 FEBRUARY 2026 | E21: II | F21: UNNACCOUNTED/ABSENT | G21: 30 | H21: Yes | I21: 46128 | J21: 46177 | K21: 65 | L21: 0 | M21: 50 | N21: 15 | O21: S.O. Nr 20 dtd 16 April 2026 | P21: ONGOING/CONFINED
A22: 16 | B22: 4CL | C22: MAATA | D22: UNAUTHORIZED USE OF LAPTOP DURING OC'S INSPECTION ON OR ABOUT 18 1320 MARCH 2026 | E22: II | F22: DOING UNAUTHORIZED THINGS | G22: 20 | H22: Yes | I22: 46178 | J22: 46192 | K22: 40 | L22: 0 | M22: 0 | N22: 40 | O22: S.O. Nr 20 dtd 16 April 2026 | P22: ONGOING/CONFINED
A23: SERVED PUNISHMENTS
A24: 2 | B24: 1CL | C24: ORZAME | D24: UNAUTHORIZED PRESENCE INSIDE BARRACKS DURING MORNING MESS O/A 21 0600 JANUARY 2026 | E24: II | F24: UNNACCOUNTED/ABSENT | G24: 30 | H24: Yes | I24: 46055 | J24: 46104 | K24: 65 | L24: 0 | M24: 65 | N24: 0 | O24: S.O. Nr 20 dtd 04 FEBRUARY 2026 | P24: SERVED
A25: 1 | B25: 1CL | C25: BAUTISTA | D25: NOT ATTENDING RELIGIOUS SERVICE O/A 18 0830 JANUARY 2026 | E25: II | F25: UNNACCOUNTED/ABSENT | G25: 30 | H25: Yes | I25: 46055 | J25: 46104 | K25: 65 | L25: 0 | M25: 65 | N25: =K25-L25-M25 -> 0 | O25: S.O. Nr 20 dtd 04 FEBRUARY 2026 | P25: SERVED
A26: 1 | B26: 1CL | C26: SUPRESENCIA | D26: PLAYING MOBILE GAMES ON HIS PHONE O/A 05 2015 DECEMBER 2025 | E26: II | F26: DOING UNAUTHORIZED THINGS | G26: 20 | H26: Yes | I26: 46031 | J26: 46045 | K26: 40 | L26: 0 | M26: 40 | N26: 0 | O26: S.O. Nr 03 dtd 14 January 2026 | P26: SERVED
A27: 1 | B27: 1CL | C27: ROBINOS | D27: LATE FROM RELIGIOUS SPIRITUAL ENHANCEMENT FORMATION ON OR ABOUT 09 0640 NOVEMBER 2025 | E27: III | F27: LATE | G27: 8 | H27: No | K27: 8 | L27: 0 | M27: 8 | N27: 0 | O27: S.O. Nr 176 dtd 01 DECEMBER 2025 | P27: SERVED
A28: 1 | B28: 1CL | C28: BACALSO | D28: ABSENT FROM MORNING MESS ON OR ABOUT 16 0450 NOVEMBER 2025 | E28: III | F28: UNNACCOUNTED/ABSENT | G28: 10 | H28: No | K28: 10 | L28: 0 | M28: 0 | N28: 10 | O28: S.O. Nr 185 dtd 09 DECEMBER 2025 | P28: SERVED
A29: 1 | B29: 1CL | C29: BAUTISTA | D29: HAVING UNPLUGGED CHARGER ON OR ABOUT 06 1650 NOVEMBER 2025 | E29: III | F29: DOING UNAUTHORIZED THINGS | G29: 10 | H29: No | K29: 10 | L29: 0 | M29: 0 | N29: 10 | O29: S.O. Nr 176 dtd 01 DECEMBER 2025 | P29: SERVED
A30: 1 | B30: 1CL | C30: ROBINOS | D30: UNACCOUNTED FROM 1CL AEROCADETS DUTY ON OR ABOUT 06 0410 NOVEMBER 2025 | E30: III | F30: UNNACCOUNTED/ABSENT | G30: 10 | H30: No | K30: 10 | L30: 0 | M30: 0 | N30: 10 | O30: S.O. Nr 176 dtd 01 DECEMBER 2025 | P30: SERVED
A31: 1 | B31: 1CL | C31: LLANZANA | D31: USING CELLPHONE AFTER TAPS ON OR ABOUT 12 2300 OCTOBER 2025 | E31: II | F31: DOING UNAUTHORIZED THINGS | G31: 20 | H31: Yes | I31: 45953 | J31: 45967 | K31: 40 | L31: 0 | M31: 40 | N31: 0 | O31: S.O. Nr 145 dtd 23 OCTOBER 2025 | P31: SERVED
A32: 1 | B32: 1CL | C32: ORZAME | D32: LATE FROM MORNING MESS FORMATION ON OR ABOUT 26 0450 OCTOBER 2025 | E32: III | F32: LATE | G32: 8 | H32: No | K32: 8 | L32: 0 | M32: 8 | N32: 0 | O32: S.O. Nr 156 dtd 12 NOVEMBER 2025 | P32: SERVED
A33: 1 | B33: 1CL | C33: BACALSO | D33: LEAVING PLUGGED CHARGER UNATTENDED ON OR ABOUT 07 2100 OCTOBER 2025 | E33: III | F33: DOING UNAUTHORIZED THINGS | G33: 10 | H33: No | K33: 10 | L33: 0 | M33: 10 | N33: 0 | O33: S.O. Nr 141 dtd 23 OCTOBER 2025 | P33: SERVED
A34: 2 | B34: 1CL | C34: LLANZANA | D34: UNACCOUNTED DURING CORPS FORMATION ON OR ABOUT 15 0500 OCTOBER 2025 | E34: III | F34: UNNACCOUNTED/ABSENT | G34: 10 | H34: No | K34: 10 | L34: 0 | M34: 10 | N34: 0 | O34: S.O. Nr 141 dtd 23 OCTOBER 2025 | P34: SERVED
A35: 8 | B35: 1CL | C35: MOVILLA | D35: NOT ATTENDING THEIR RESPECTIVE RELIGIOUS SERVICE DURING SUNDAY SERVICE ON OR ABOUT 13 0540 JULY 2025 | E35: II | F35: UNNACCOUNTED/ABSENT | G35: 25 | H35: Yes | I35: 45875 | J35: 45904 | K35: 50 | L35: 0 | M35: 50 | N35: =K35-M35-L35 -> 0 | O35: S.O. Nr 094 dtd 14 AUGUST 2025 | P35: SERVED
A36: 1 | B36: 1CL | C36: BAUTISTA | D36: USING CELLPHONE DURING UNAUTHORIZED PERIOD ON OR ABOUT 25 0100 JULY 2025 | E36: II | F36: DOING UNAUTHORIZED THINGS | G36: 20 | H36: Yes | I36: 45897 | J36: 45911 | K36: 40 | L36: 0 | M36: 40 | N36: =K36-M36-L36 -> 0 | O36: S.O. Nr 101 dtd 02 SEPTEMBER 2025 | P36: SERVED
A37: 1 | B37: 1CL | C37: LLANZANA | D37: CALLING USING MESSENGER AFTER TAPS ON OR ABOUT 04 2255 AUGUST 2025 | E37: II | F37: DOING UNAUTHORIZED THINGS | G37: 20 | H37: Yes | I37: 45897 | J37: 45911 | K37: 40 | L37: 0 | M37: 40 | N37: =K37-M37-L37 -> 0 | O37: S.O. Nr 101 dtd 02 SEPTEMBER 2025 | P37: SERVED
A38: 2 | B38: 1CL | C38: LLANZANA | D38: NOT ATTENDING SEVENTH DAY ADVENTIST RELIGIOUS SERVICE ON OR ABOUT 30 1300 AUGUST 2025 | E38: III | F38: UNNACCOUNTED/ABSENT | G38: 19 | H38: No | K38: 39 | L38: 0 | M38: 39 | N38: 0 | O38: S.O. Nr 118 dtd 018 SEMPTEMBER 2025 | P38: SERVED
A39: 11 | B39: 1CL | C39: CALUBAD | D39: POSSESSING UNAUTHORIZE FLIPFLOPS DURING OC INSPECTION OA 01 2300 JUNE 2025 | E39: III | F39: POSSESSING/USING UNAUTHORIZED ITEM | G39: 8 | H39: No | K39: 8 | L39: 0 | M39: 8 | N39: =K39-M39-L39 -> 0 | O39: S.O. Nr 068 dtd 24 June 2025 | P39: SERVED
A40: 12 | B40: 1CL | C40: DALAGAN | D40: WEARING UNAUTHORIZE FLIPFLOPS DURING OC INSPECTION OA 01 0930 JUNE 2025 | E40: III | F40: DOING UNAUTHORIZED THINGS | G40: 8 | H40: No | K40: 8 | L40: 0 | M40: 8 | N40: =K40-M40-L40 -> 0 | O40: S.O. Nr 068 dtd 24 June 2025 | P40: SERVED
A41: 15 | B41: 1CL | C41: POLLENTES | D41: 9 MINS LATE FROM TERMINATION OF PRIVILEGE OA 14 2109 JUNE 2025 | E41: III | F41: NEGLIGENCE OF DUTY | G41: 8 | H41: No | K41: 8 | L41: 4 | M41: 4 | N41: =K41-M41-L41 -> 0 | O41: S.O. Nr 068 dtd 24 June 2025 | P41: SERVED
A42: 9 | B42: 1CL | C42: URBANO | D42: PLAYING NINTENDO WHILE POSSESSING SMARTPHONE DURING AOC'S INSPECTION OA 28 MAY 2025 | E42: II | F42: DOING UNAUTHORIZED THINGS | G42: 20 | H42: Yes | I42: 45819 | J42: 45833 | K42: 40 | L42: 0 | M42: 40 | N42: 0 | O42: S.O. Nr 063 dtd 11 June 2025 | P42: SERVED
B43: 1CL | C43: LLANZANA | D43: POSSESSING POCKET WIFI DURING OC INSPECTION OA 01 2300 JUNE 2025 | E43: II | F43: POSSESSING/USING UNAUTHORIZED ITEM | G43: 20 | H43: Yes | I43: 45831 | J43: 45845 | K43: 40 | L43: 0 | M43: 40 | N43: =K43-M43-L43 -> 0 | O43: S.O. Nr 068 dtd 24 June 2025 | P43: SERVED
B44: 1CL | C44: SALSI | D44: POSSESSING VAPE OA 05 1920 JUNE 2025 | E44: II | F44: POSSESSING/USING UNAUTHORIZED ITEM | G44: 30 | H44: Yes | I44: 45831 | J44: 45880 | K44: 65 | L44: 0 | M44: 65 | N44: =K44-M44-L44 -> 0 | O44: S.O. Nr 068 dtd 24 June 2025 | P44: SERVED
B45: 1CL | C45: RAPOSO | D45: USING SMARTPHONE AFTER TAPS OA 12 0005 JUNE 2025 | E45: II | F45: DOING UNAUTHORIZED THINGS | G45: 20 | H45: No | I45: 45845 | J45: 45859 | K45: 40 | L45: 0 | M45: 40 | N45: =K45-M45-L45 -> 0 | O45: S.O. Nr 075 dtd 08 JULY 2025 | P45: SERVED
A46: 8 | B46: 1CL | C46: BACALSO | D46: VAPING DURING OC INSECTION OA 03 2300 JULY 2025 | E46: II | F46: DOING UNAUTHORIZED THINGS | G46: 30 | H46: Yes | I46: 45852 | J46: 45901 | K46: 65 | L46: 0 | M46: 65 | N46: =K46-M46-L46 -> 0 | O46: S.O. Nr 083 dtd 18 JULY 2025 | P46: SERVED
B47: 1CL | C47: SAUMAY | D47: 20 MIN LATE DURING 5TH PERIOD CLASS ON OR ABOUT 16 1440 JULY 2025 | E47: III | F47: LATE | G47: 14 | H47: No | K47: 22 | L47: 0 | M47: 22 | N47: 0 | O47: S.O. Nr 100 dtd 27 AUG 2025 | P47: SERVED
B48: 1CL | C48: GILO | D48: 20 MIN LATE DURING 5TH PERIOD CLASS ON OR ABOUT 16 1440 JULY 2025 | E48: III | F48: LATE | G48: 14 | H48: No | K48: 22 | L48: 0 | M48: 22 | N48: 0 | O48: S.O. Nr 100 dtd 27 AUG 2025 | P48: SERVED
B49: 1CL | C49: BARAN | D49: ABSENT FROM DUTY THAT IS NOT ATTENDING LATEMESS FOR CADET WHO ATTENDED WORKOUT ON OR ABOUT 05 0625 SEPTEMBER 2025 | E49: III | F49: UNNACCOUNTED/ABSENT | G49: 10 | H49: No | K49: 10 | L49: 0 | M49: 10 | N49: 0 | O49: S.O. Nr 122 dtd 19 SEPT 2025 | P49: SERVED
B50: 1CL | C50: GERALDE | D50: LATE FROM RELIGIOUS SPIRITUAL ENHANCEMENT DUTY ON OR ABOUT 27 JULY 2025. | E50: III | F50: LATE | G50: 8 | H50: No | K50: 8 | L50: 0 | M50: 8 | N50: =K50-M50-L50 -> 0 | O50: S.O. Nr 100 dtd 27 AUG 2025 | P50: SERVED
B51: 1CL | C51: URBANO | D51: AS A 1CL CADET, ORDERING THE 3CL CADETS TO REPORT TO HIM AT THE STOCK ROOM ON OR ABOUT 13 0930 JULY | E51: III | F51: DOING UNAUTHORIZED THINGS | G51: 13 | H51: No | K51: 19 | L51: 0 | M51: 19 | N51: 0 | O51: S.O. Nr 084 dtd 18 JULY 2025 | P51: SERVED
B52: 1CL | C52: URBANO | D52: UNACCOUNTED DURING CORPS FORMATION ON OR ABOUT 10 1300 AUGUST 2025 | E52: III | F52: DOING UNAUTHORIZED THINGS | G52: 10 | H52: No | K52: 10 | L52: 0 | M52: 10 | N52: 0 | O52: S.O. Nr 084 dtd 18 JULY 2025 | P52: SERVED
A53: 1 | B53: 1CL | C53: BAUTISTA | D53: UNAUTHORIZED USE OF CELLPHONE OA 28 2300 APRIL 2025 | E53: II | F53: POSSESSING/USING UNAUTHORIZED ITEM | G53: 45 | H53: Yes | I53: 45784 | J53: 45923 | K53: 140 | L53: 0 | M53: 140 | N53: =K53-M53-L53 -> 0 | O53: S.O. Nr 049 dtd 08 May 2025 | P53: SERVED
A54: 2 | B54: 1CL | C54: ORZAME | D54: USING SMARTPHONE OA 10 0750 APRIL 2025 | E54: II | F54: POSSESSING/USING UNAUTHORIZED ITEM | G54: 45 | H54: Yes | I54: 45784 | J54: 45923 | K54: 140 | L54: 0 | M54: 140 | N54: =K54-M54-L54 -> 0 | O54: S.O. Nr 049 dtd 08 May 2025 | P54: SERVED
A55: 2 | B55: 2CL | C55: GARAY | D55: USING CELLPHONE DURING UNAUTHORIZE PERIOD OA 08 2400 JUNE 2025 | E55: II | F55: DOING UNAUTHORIZED THINGS | G55: 50 | H55: Yes | I55: 45831 | J55: 46010 | K55: 180 | L55: 0 | M55: 180 | N55: 0 | O55: S.O. Nr 068 dtd 24 June 2025 | P55: SERVED
B56: 2CL | C56: MONDA | D56: 20 MINUTES LATE FROM AFS 332 CLASS O/A 16 1355 JANUARY 2026 | E56: III | F56: LATE | G56: 12 | H56: No | K56: 16 | L56: 0 | M56: 16 | N56: 0 | O56: S.O. Nr 39 dtd 4 March 2026 | P56: SERVED
A57: 1 | B57: 2CL | C57: GARAY | D57: DOING UNAUTHORIZED THINGS DURING INTEGRATION PERIOD (STUDY PERIOD) O/A 18 1520 JANUARY 2026 | E57: II | F57: DOING UNAUTHORIZED THINGS | G57: 20 | H57: Yes | I57: 46055 | J57: 46069 | K57: 40 | L57: 0 | M57: 40 | N57: 0 | O57: S.O. Nr 20 dtd 04 FEBRUARY 2026 | P57: SERVED
A58: 15 | B58: 2CL | C58: ESCALONA | D58: ACCESSING TELEGRAM AFTER TAPS ON OR ABOUT 21 2320 NOVEMBER 2025 | E58: II | F58: DOING UNAUTHORIZED THINGS | G58: 20 | H58: Yes | I58: 45996 | J58: 46010 | K58: 40 | L58: 0 | M58: 0 | N58: 40 | O58: S.O. Nr 184 dtd 05 DECEMBER 2025 | P58: SERVED
A59: 1 | B59: 2CL | C59: LIBATON | D59: 19 MINS LATE FROM TERMINATION ON OR ABOUT 08 1500 NOVEMBER 2025 | E59: III | F59: LATE | G59: 14 | H59: No | K59: 22 | L59: 0 | M59: 0 | N59: 22 | O59: S.O. Nr 185 dtd 09 DECEMBER 2025 | P59: SERVED
A60: 5 | B60: 2CL | C60: ESCALONA | D60: UNACCOUNTED DURING MORNING MESS FORMATION ON OR ABOUT 13 0545 SEPTEMBER 2025. | E60: III | F60: UNNACCOUNTED/ABSENT | G60: 10 | H60: No | K60: 10 | L60: 0 | M60: 10 | N60: 0 | O60: S.O. Nr 130 dtd 13 October 2025 | P60: SERVED
A61: 4 | B61: 2CL | C61: ARIP | D61: UNACCOUNTED DURING MORNING MESS FORMATION ON OR ABOUT 13 0545 SEPTEMBER 2025. | E61: III | F61: UNNACCOUNTED/ABSENT | G61: 10 | H61: No | K61: 10 | L61: 0 | M61: 10 | N61: 0 | O61: S.O. Nr 130 dtd 13 October 2025 | P61: SERVED
A62: 4 | B62: 2CL | C62: NULUD | D62: UNGENTLEMANLY CONDUCT OA 04 0915 FEBRUARY 2025 | E62: II | F62: DOING UNAUTHORIZED THINGS | G62: 45 | H62: Yes | I62: 45784 | J62: 45923 | K62: 140 | L62: 0 | M62: 140 | N62: =K62-M62-L62 -> 0 | O62: S.O. Nr 049 dtd 08 May 2025 | P62: SERVED
B63: 2CL | C63: GENTOLEO | D63: GENERALLY UNPREPARED DURING BARRACKS INSPECTION ON OR ABOUT 05 0750 JULY 2025. | E63: III | F63: CLEANLINESS OF ROOM | G63: 8 | H63: No | K63: 8 | L63: 0 | M63: 8 | N63: 0 | O63: S.O. Nr 084 dtd 18 JULY 2025 | P63: SERVED
B64: 2CL | C64: FELIPE | D64: UNACCOUNTED DURING CORPS FORMATION ON OR ABOUT 16 1515 AUGUST 2025 | E64: III | F64: UNNACCOUNTED/ABSENT | G64: 10 | H64: No | K64: 10 | L64: 5 | M64: 5 | N64: =K64-M64-L64 -> 0 | O64: S.O. Nr 118 dtd 18 SEPTEMBER 2025 | P64: SERVED
B65: 2CL | C65: FELIPE | D65: UNACCOUNTED DURING EARLY MESS ON OR ABOUT 16 0500 AUGUST 2025 | E65: III | F65: UNNACCOUNTED/ABSENT | G65: 10 | H65: No | K65: 10 | L65: 0 | M65: 10 | N65: =K65-M65-L65 -> 0 | O65: S.O. Nr 112 dtd 10 SEPTEMBER 2025 | P65: SERVED
B66: 2CL | C66: NANALE | D66: UNACCOUNTED FROM EVENING MESS FORMATION ON OR ABOUT 13 1630 JULY 2025 | E66: III | F66: UNNACCOUNTED/ABSENT | G66: 10 | H66: No | K66: 8 | L66: 0 | M66: 8 | N66: 0 | O66: S.O. Nr 084 dtd 18 JULY 2025 | P66: SERVED
B67: 2CL | C67: GOROSPE | D67: UNACCOUNTED FROM EVENING MESS FORMATION ON OR ABOUT 13 1630 JULY 2025 | E67: III | F67: UNNACCOUNTED/ABSENT | G67: 10 | H67: No | K67: 8 | L67: 0 | M67: 8 | N67: 0 | O67: S.O. Nr 084 dtd 18 JULY 2025 | P67: SERVED
B68: 2CL | C68: RANA | D68: LEAVING PLUGGED LAPTOP ON TOP OF STUDY TABLE ON OR ABOUT 25 0100 JULY 2025. | E68: III | F68: DOING UNAUTHORIZED THINGS | G68: 10 | H68: No | K68: 8 | L68: 0 | M68: 8 | N68: 0 | O68: S.O. Nr 084 dtd 18 JULY 2025 | P68: SERVED
B69: 2CL | C69: GENTOLEO | D69: ABSENT FROM DUTY THAT IS NOT ATTENDING NOON MESS OA 06 1130 JUNE 2025 | E69: II | F69: UNNACCOUNTED/ABSENT | G69: 30 | H69: Yes | I69: 45831 | J69: 45880 | K69: 65 | L69: 20 | M69: 28 | N69: =K69-M69-L69 -> 17 | O69: S.O. Nr 068 dtd 24 June 2025 | P69: SERVED
B70: 2CL | C70: GENTOLEO | D70: POSSESSING CELLPHONE DURING OC'S INSPECTION ON OR ABOUT 18 2230 AUGUST 2025 | E70: II | F70: POSSESSING/USING UNAUTHORIZED ITEM | G70: 50 | H70: Yes | I70: 45903 | J70: 46082 | K70: 180 | L70: 30 | M70: 0 | N70: =K70-M70-L70 -> 150 | O70: S.O. Nr 101 dtd 02 SEPTEMBER 2025 | P70: SERVED
B71: 2CL | C71: SILAO | D71: SAYING PROFANE LANGUAGE IN FRONT OF 4CL OA 12 2110 JUNE 2025 | E71: III | F71: DOING UNAUTHORIZED THINGS | G71: 10 | H71: No | K71: 10 | L71: 0 | M71: 10 | N71: =K71-M71-L71 -> 0 | O71: S.O. Nr 075 dtd 08 JULY 2025 | P71: SERVED
B72: 2CL | C72: JANDULONG | D72: GETTING ZERO SCORE IN LE IN AFS 311 OA 09 JULY 2025 | E72: III | F72: NEGLIGENCE OF DUTY | G72: 8 | H72: No | K72: 8 | L72: 0 | M72: 8 | N72: =K72-M72-L72 -> 0 | O72: S.O. Nr 086 dtd 21 July 2025 | P72: SERVED
A73: 10 | B73: 2CL | C73: RANA | D73: UNAUTHORIZE PRESSENCE INSIDE BARRACKS OA 11 0730 MAY 2025 | E73: II | F73: DOING UNAUTHORIZED THINGS | G73: 30 | H73: No | I73: 45819 | J73: 45868 | K73: 65 | L73: 0 | M73: 65 | N73: =K73-M73-L73 -> 0 | O73: S.O. Nr 063 dtd 11 June 2025 | P73: SERVED
B74: 2CL | C74: NULUD | D74: 30 MINS LATE FROM PRIVILEGE OA 12 1900 JUNE 2025 | E74: III | F74: LATE | G74: 13 | H74: No | K74: 19 | L74: 0 | M74: 19 | N74: =K74-M74-L74 -> 0 | O74: S.O. Nr 075 dtd 08 JULY 2025 | P74: SERVED
B75: 2CL | C75: UNDANG | D75: POSSESSION OF POCKET WIFI OA 23 2300 JUNE 2025 | E75: II | F75: POSSESSING/USING UNAUTHORIZED ITEM | G75: 20 | H75: No | I75: 45845 | J75: 45859 | K75: 40 | L75: 0 | M75: 40 | N75: =K75-M75-L75 -> 0 | O75: S.O. Nr 075 dtd 08 JULY 2025 | P75: SERVED
A76: 9 | B76: 2CL | C76: BALDONADO | D76: UNACCOUNTED DURING ATHLETIC PD OA 01 1600 JULY 2025 | E76: III | F76: UNNACCOUNTED/ABSENT | G76: 10 | H76: No | K76: 10 | L76: 0 | M76: 10 | N76: =K76-M76-L76 -> 0 | O76: S.O. Nr 083 dtd 18 JULY 2025 | P76: SERVED
B77: 2CL | C77: DE LEON | D77: NOT ATTENDING SMC DUTY OA 29 0500 JULY 2025 | E77: II | F77: UNNACCOUNTED/ABSENT | G77: 30 | H77: Yes | I77: 45877 | J77: 45928 | K77: 65 | L77: 0 | M77: 30 | N77: =K77-M77-L77 -> 35 | O77: S.O. Nr 068 dtd 24 June 2025 | P77: SERVED
B78: 2CL | C78: BUENO | D78: ABSENT FROM DUTY THAT IS NOT ATTENDING LATEMESS FOR CADET WHO ATTENDED WORKOUT ON OR ABOUT 05 0625 SEPTEMBER 2025 | E78: II | F78: UNNACCOUNTED/ABSENT | G78: 10 | H78: No | K78: 10 | L78: 0 | M78: 10 | N78: 0 | O78: S.O. Nr 122 dtd 19 SEPT 2025 | P78: SERVED
B79: 2CL | C79: CAJELES | D79: 14 MIN LATE FROM TERMINATION OF PRIVILEGE ON OR ABOUT 25 1714 AUGUST 2025 | E79: II | F79: LATE | G79: 12 | H79: No | K79: 16 | L79: 0 | M79: 16 | N79: 0 | O79: S.O. Nr 118 dtd 18 SEPT 2025 | P79: SERVED
B80: 2CL | C80: CASTRO | D80: USING PROFANE LANGUAGE AT THE BARRIO AREA ON OR ABOUT 21 1300 AUGUST 2025 | E80: II | F80: DOING UNAUTHORIZED THINGS | G80: 10 | H80: No | K80: 10 | L80: 0 | M80: 10 | N80: 0 | O80: S.O. Nr 122 dtd 19 SEPT 2025 | P80: SERVED
B81: 2CL | C81: CASTRO | D81: AS A RESPONSIBLE CADET, HAVING THE DOOR LOCKED THAT THE PREVENTED HIM TO BE INFORMED AS INCOMING INTERIOR GUARD ON OR ABOUT 31 0100 AUGUST 2025 | E81: II | F81: DOING UNAUTHORIZED THINGS | G81: 10 | H81: No | K81: 10 | L81: 0 | M81: 10 | N81: 0 | O81: S.O. Nr 122 dtd 19 SEPT 2025 | P81: SERVED
A82: 9 | B82: 2CL | C82: BUENO | D82: UNACCOUNTED DURING LATE MESS FOR CADETS WHO ATTENDED WORKOUT ON OR ABOUT 01 0700 OCTOBER 2025 | E82: III | F82: UNNACCOUNTED/ABSENT | G82: 10 | H82: No | K82: 10 | L82: 0 | M82: 10 | N82: 0 | O82: S.O. Nr 141 dtd 23 October 2025 | P82: SERVED
B83: 2CL | C83: FELIPE | D83: NOT ATTENDING SILENT DRILL PRACTICE ON OR ABOUT 04 1400 OCTOBER 2025. | E83: III | F83: UNNACCOUNTED/ABSENT | G83: 10 | H83: No | K83: 10 | L83: 0 | M83: 10 | N83: 0 | O83: S.O. Nr 141 dtd 23 October 2025 | P83: SERVED
A84: 4 | B84: 2CL | C84: ARIP | D84: UNAUTHORIZED PRESENCE INSIDE BARRACKS ON OR ABOUT 25 1410 SEPTEMBER 2025. | E84: III | F84: DOING UNAUTHORIZED THINGS | G84: 17 | H84: No | K84: 31 | L84: 0 | M84: 31 | N84: 0 | O84: S.O. Nr 130 dtd 13 October 2025 | P84: SERVED
A85: 5 | B85: 2CL | C85: ESCALONA | D85: UNAUTHORIZED PRESENCE INSIDE BARRACKS ON OR ABOUT 25 1410 SEPTEMBER 2025. | E85: III | F85: DOING UNAUTHORIZED THINGS | G85: 17 | H85: No | K85: 31 | L85: 0 | M85: 31 | N85: 0 | O85: S.O. Nr 130 dtd 13 October 2025 | P85: SERVED
A86: 6 | B86: 2CL | C86: LIBATON | D86: UNAUTHORIZED PRESENCE INSIDE BARRACKS ON OR ABOUT 25 1410 SEPTEMBER 2025. | E86: III | F86: DOING UNAUTHORIZED THINGS | G86: 17 | H86: No | K86: 31 | L86: 0 | M86: 31 | N86: 0 | O86: S.O. Nr 130 dtd 13 October 2025 | P86: SERVED
A87: 8 | B87: 2CL | C87: TOLEDO | D87: UNAUTHORIZED PRESENCE INSIDE BARRACKS THAT IS NOT ATTENDING MORNING MESS ON OR ABOUT 28 0550 SEPTEMBER 2025. | E87: II | F87: UNNACCOUNTED/ABSENT | G87: 25 | H87: Yes | I87: 45943 | J87: 45972 | K87: 50 | L87: 0 | M87: 50 | N87: 0 | O87: S.O. Nr 129 dtd 13 October 2025 | P87: SERVED
A88: 9 | B88: 2CL | C88: NANALE | D88: USING IPAD AFTER TAPS DURING OC'S INSPECTION ON OR ABOUT 12 0010 OCTOBER 2025 | E88: II | F88: DOING UNAUTHORIZED THINGS | G88: 20 | H88: Yes | I88: 45953 | J88: 45967 | K88: 40 | L88: 0 | M88: 40 | N88: 0 | O88: S.O. Nr 145 dtd 23 October 2025 | P88: SERVED
A89: 7 | B89: 2CL | C89: LATUPAN | D89: NOT ATTENDING SILENT DRILL PRACTICE ON OR ABOUT 04 1400 OCTOBER 2025. | E89: II | F89: UNNACCOUNTED/ABSENT | G89: 30 | H89: Yes | I89: 45943 | J89: 45992 | K89: 65 | L89: 0 | M89: 65 | N89: 0 | O89: S.O. Nr 130 dtd 13 October 2025 | P89: SERVED
A90: 2 | B90: 2CL | C90: TOLEDO | D90: UNACCOUNTED FROM NOON MESS FORMATION ON OR ABOUT 31 1212 OCTOBER 2025 | E90: III | F90: UNNACCOUNTED/ABSENT | G90: 10 | H90: No | K90: 10 | L90: 0 | M90: 10 | N90: 0 | O90: S.O. Nr 176 dtd 01 DECEMBER 2025 | P90: SERVED
A91: 1 | B91: 2CL | C91: RANA | D91: ABSENT FROM MORNING MESS ON OR ABOUT 23 0450 NOVEMBER 2025 | E91: II | F91: UNNACCOUNTED/ABSENT | G91: 30 | H91: Yes | I91: 46002 | J91: 45686 | K91: 65 | L91: 0 | M91: 65 | N91: =K91-L91-M91 -> 0 | O91: S.O. Nr 068 dtd 24 June 2025 | P91: SERVED
B92: 3CL | C92: DIVINA | D92: LOST M14 MAGAZINE ON OR ABOUT 19 1820 FEBRUARY 2026 | E92: III | F92: DOING UNAUTHORIZED THINGS | G92: 8 | H92: No | K92: 8 | M92: 8 | N92: 0 | O92: S.O Nr 51 DTD 13 April 2026 | P92: SERVED
A93: 5 | B93: 3CL | C93: GUMASING | D93: LATE FROM RELIGIOUS SPIRITUAL ENHANCEMENT FORMATION ON OR ABOUT 07 0540 DECEMBER 2025 | E93: III | F93: LATE | G93: 8 | H93: No | K93: 8 | L93: 0 | M93: 8 | N93: =K93-L93-M93 -> 0 | O93: S.O. Nr 158 dtd 12 NOVEMBER 2025 | P93: SERVED
B94: 3CL | C94: VILLAFLOR | D94: LOST M14 MAGAZINE ON OR ABOUT 31 JANUARY 2026 | E94: III | F94: DOING UNAUTHORIZED THINGS | G94: 8 | H94: No | K94: 8 | M94: 8 | N94: 0 | O94: S.O Nr 51 DTD 13 April 2026 | P94: SERVED
A95: 5 | B95: 3CL | C95: CAMPANA | D95: GOING OFF LIMITS THAT IS GOING TO BARRIO AREA SPECIFICALLY AT THE BACK OF MAYO HALL ANNEX SECRETLY TALKING TO 4CL CADETS ON OR ABOUT 21 1250 OCTOBER 2025 | E95: II | F95: DOING UNAUTHORIZED THINGS | G95: 20 | H95: Yes | I95: 46016 | J95: 46030 | K95: 40 | L95: 0 | M95: 40 | N95: =K95-L95-M95 -> 0 | O95: S.O. Nr 158 dtd 12 NOVEMBER 2025 | P95: SERVED
A96: 1 | B96: 3CL | C96: MARAMBA | D96: DOING UNAUTHORIZED THINGS DURING INTEGRATION PERIOD (STUDY PERIOD) O/A 18 1520 JANUARY 2026 | E96: II | F96: DOING UNAUTHORIZED THINGS | G96: 20 | H96: Yes | I96: 46055 | J96: 46069 | K96: 40 | L96: 0 | M96: 0 | N96: =K96-L96-M96 -> 40 | O96: S.O. Nr 20 dtd 04 FEBRUARY 2026 | P96: SERVED
A97: 15 | B97: 3CL | C97: PADALOY | D97: AS A GUARD, 14 MINS LATE FOR FLAG RAISING FOR CADET-IN-CHARGE OF QUARTERS ON OR ABOUT 05 0500 NOVEMBER 2025 | E97: III | F97: LATE | G97: 12 | H97: No | K97: 16 | L97: 0 | M97: 16 | N97: 0 | O97: S.O. Nr 176 dtd 01 DECEMBER 2025 | P97: SERVED
A98: 15 | B98: 3CL | C98: PADALOY | D98: GOING OFF LIMITS THAT IS GOING TO BARRIO AREA SPECIFICALLY AT THE BACK OF MAYO HALL ANNEX SECRETLY TALKING TO 4CL CADETS ON OR ABOUT 21 1250 OCTOBER 2025 | E98: II | F98: DOING UNAUTHORIZED THINGS | G98: 20 | H98: Yes | I98: 45973 | J98: 45987 | K98: 40 | L98: 0 | M98: 40 | N98: 0 | O98: S.O. Nr 158 dtd 12 NOVEMBER 2025 | P98: SERVED
A99: 15 | B99: 3CL | C99: SESUCA | D99: GOING OFF LIMITS THAT IS GOING TO BARRIO AREA SPECIFICALLY AT THE BACK OF MAYO HALL ANNEX SECRETLY TALKING TO 4CL CADETS ON OR ABOUT 21 1250 OCTOBER 2025 | E99: II | F99: DOING UNAUTHORIZED THINGS | G99: 20 | H99: Yes | I99: 45973 | J99: 45987 | K99: 40 | L99: 0 | M99: 40 | N99: 0 | O99: S.O. Nr 158 dtd 12 NOVEMBER 2025 | P99: SERVED
A100: 15 | B100: 3CL | C100: SESUCA | D100: NOT GOING ON SCHEDULED SICK CALL ON OR ABOUT 29 1600 OCTOBER 2025 | E100: III | F100: NEGLIGENCE OF DUTY | G100: 8 | H100: No | K100: 8 | L100: 0 | M100: 8 | N100: 0 | O100: S.O. Nr 176 dtd 01 DECEMBER 2025 | P100: SERVED
...

Sheet DELTA
A1: ACTIVE PUNISHMENTS
A2: F/SGT: CDT 2CL REOJA
A3: UPDATED AS OF : | E3: 46146
A4: NOTED BY: CDT SGT MAJ 2CL FIONA LISA C DEMARAYE 'H' Co CCAFP
A5: ACTIVE PUNISHMENTS
A6: NO | B6: RANK | D6: OFFENSE | E6: CLASS | F6: NATURE OF OFFENSE | G6: DEMERITS | H6: CONFINEMENT | K6: TOURING HOURS | O6: REFERENCE | P6: REMARKS
H7: CONFINED? | I7: START | J7: END | K7: TOTAL | L7: CONVERTED | M7: SERVED | N7: REMAINING
A8: 4 | B8: 1CL | C8: PALACIOS | D8: UNAUTHORIZED PRESENCE INSIDE BARRACKS OA 26 1725 OCTOBER 2025 | E8: III | F8: DOING UNAUTHORIZED THINGS | G8: 10 | H8: No | K8: 10 | N8: =K8-L8-M8 -> 10 | O8: S.O. Nr 165 dtd 24 November 2025 | P8: ONGOING
A9: 9 | B9: 4CL | C9: RAMAS | D9: ABSENT FROM DUTY THAT IS NOT ATTENDING 4CL ATHLETICS DESPITE NUMEROUS CAUTIONS ON OR BEFORE 10 1600 FEBRUARY 2026 | E9: III | F9: UNNACCOUNTED/ABSENT | G9: 12 | H9: No | K9: 16 | M9: 8 | N9: =K9-L9-M9 -> 8 | O9: S.O. Nr 38 dtd 04 March 2026 | P9: ONGOING
A10: 12 | B10: 4CL | C10: ALCANTARA | D10: ACCESSING FACEBOOK ON OR ABOUT 08 JANUARY 2026 AT TG1 OFFICE. | E10: III | F10: DOING UNAUTHORIZED THINGS | G10: 19 | H10: No | K10: 39 | M10: 16 | N10: =K10-L10-M10 -> 23 | O10: S.O. Nr 37 dtd 04 March 2026 | P10: ONGOING
A11: 13 | B11: 4CL | C11: ALCANTARA | D11: 14 MINUTES LATE FROM MORNING MESS FORMATION ON OR ABOUT 14 0530 JANUARY 2026 | E11: III | F11: LATE | G11: 13 | H11: No | K11: 19 | M11: 0 | N11: =K11-L11-M11 -> 19 | O11: S.O. Nr 37 dtd 04 March 2026 | P11: ONGOING
A15: SERVED PUNISHMENTS
A16: 1 | B16: 1CL | C16: SOLLANO | D16: AS A GUARD (CAMO 1), USING PERSONAL CELLPHONE WHILE LYING AT THE UPPER BUNK OF HIS ROOM OA 09 0905 OCTOBER 2025 | E16: II | F16: DOING UNAUTHORIZED THINGS | G16: 50 | H16: Yes | I16: 45950 | J16: 46129 | K16: 180 | M16: 180 | N16: =K16-L16-M16 -> 0 | O16: S.O. Nr 137 dtd 20 October 2025 | P16: SERVED
A17: 3 | B17: 1CL | C17: SOLLANO | D17: NOT ATTENDING MORNING MESS OA 06 0630 NOVEMBER 2025 | E17: III | F17: UNNACCOUNTED/ABSENT | G17: 10 | H17: No | K17: 10 | M17: 10 | N17: =K17-L17-M17 -> 0 | O17: S.O. Nr 177 dtd 26 November 2025 | P17: SERVED
A18: 10 | B18: 4CL | C18: RAMOS | D18: OFF LIMITS THAT IS GOING INSIDE AN UPPER-CLASS ROOM DURING INSIDE BARRACKS NOON MESS ON OR ABOUT 25 1200 JANUARY 2026 | E18: III | F18: DOING UNAUTHORIZED THINGS | G18: 19 | H18: No | K18: 39 | M18: 39 | N18: =K18-L18-M18 -> 0 | O18: S.O. Nr 38 dtd 04 March 2026 | P18: SERVED
A19: 5 | B19: 2CL | C19: OBED | D19: NOT RENDERING DAMAGE OF ISSUED FA'S TO THE HTG ARMORY CUSTODIAN AFTER 72 HRS UPON NOTICE OA 14 FEBRUARY 2025 | E19: III | F19: NEGLIGENCE OF DUTY | G19: 8 | H19: No | K19: 8 | M19: 8 | N19: =K19-L19-M19 -> 0 | O19: S.O. Nr 111 dtd 10 September 2025 | P19: SERVED
A20: 6 | B20: 2CL | C20: OBED | D20: POSSESSING POCKET WIFI DURING OC INSPECTION OA 01 1000 JUNE 2025 | E20: II | F20: POSSESSING/USING UNAUTHORIZED ITEM | G20: 30 | H20: Yes | I20: 45831 | J20: 45880 | K20: 65 | L20: 0 | M20: 65 | N20: =K20-L20-M20 -> 0 | O20: S.O. Nr 069 dtd 25 June 2025 | P20: SERVED
B21: 4CL | C21: CARSON | D21: LATE FROM EARLY MESS FORMATION ON OR ABOUT 16 0500 JANUARY 2026 | E21: III | F21: LATE | G21: 8 | H21: No | K21: 8 | M21: 8 | N21: =K21-L21-M21 -> 0 | O21: S.O. Nr 37 dtd 04 March 2026 | P21: SERVED
B22: 4CL | C22: CESNEROS | D22: NOT ATTENDING HIS FOLLOW-UP CHECK-UP ON OR BEFORE 03 1600 FEBRUARY 2026 | E22: III | F22: NEGLIGENCE OF DUTY | G22: 8 | H22: No | K22: 8 | M22: 8 | N22: =K22-L22-M22 -> 0 | O22: S.O. Nr 38 dtd 04 March 2026 | P22: SERVED
A23: 7 | B23: 4CL | C23: BERBANO | D23: HITTING 4CL CESNEROS INSIDE ROOM OA ABOUT 23 2235 SEPTEMBER 2025 | E23: II | F23: SEXUAL MISCONDUCT/HARASSMENT | G23: 50 | H23: Yes | I23: 45943 | J23: 46122 | K23: 180 | M23: 180 | N23: =K23-L23-M23 -> 0 | O23: S.O. Nr 132 dtd 13 October 2025 | P23: SERVED
A24: 11 | B24: 4CL | C24: SARAPUDDIN | D24: OFF LIMITS THAT IS GOING INSIDE AN UPPER-CLASS ROOM DURING INSIDE BARRACKS NOON MESS ON OR ABOUT 25 1200 JANUARY 2026 | E24: III | F24: DOING UNAUTHORIZED THINGS | G24: 19 | H24: No | K24: 39 | M24: 39 | N24: =K24-L24-M24 -> 0 | O24: S.O. Nr 38 dtd 04 March 2026 | P24: SERVED
A25: 2 | B25: 1CL | C25: SOLLANO | D25: USING BORROWED OVERSEE CAP FOR CAL POSTING OA 28 OCTOBER 2025 | E25: III | F25: DOING UNAUTHORIZED THINGS | G25: 8 | H25: No | K25: 8 | M25: 8 | N25: =K25-L25-M25 -> 0 | O25: S.O. Nr 177 dtd 26 November 2025 | P25: SERVED
A26: 8 | B26: 4CL | C26: CESNEROS | D26: ABSENT FROM DUTY THAT IS NOT ATTENDING 4CL ATHLETICS DESPITE NUMEROUS CAUTIONS ON OR BEFORE 10 1600 FEBRUARY 2026 | E26: III | F26: UNNACCOUNTED/ABSENT | G26: 12 | H26: No | K26: 16 | M26: 16 | N26: =K26-L26-M26 -> 0 | O26: S.O. Nr 38 dtd 04 March 2026 | P26: SERVED
B27: 1CL | C27: SOLLANO | D27: UNACCOUNTED FROM 1CL AEROCADETS FORMATION OA 06 0410 NOVEMBER 2025 | E27: III | F27: UNNACCOUNTED/ABSENT | G27: 10 | H27: No | K27: 10 | M27: 10 | N27: =K27-L27-M27 -> 0 | O27: S.O. Nr 177 dtd 26 November 2025 | P27: SERVED
B28: 4CL | C28: ABONITA | D28: UTILIZING AN UNREGISTERED AND UNAUTHORIZED LAPTOP FOR YOUTUBE O/A 03 1400 JANUARY 2026 | E28: II | F28: DOING UNAUTHORIZED THINGS | G28: 20 | H28: Yes | I28: 46044 | J28: 46093 | K28: 65 | L28: 0 | M28: 65 | N28: =K28-L28-M28 -> 0 | O28: S.O. Nr. 16 dtd 23 JANUARY 2025 | P28: SERVED
B29: 4CL | C29: RAMOS | D29: ABSENT FROM DUTY THAT IS NOT ATTENDING 4CL ATHLETICS DESPITE NUMEROUS CAUTIONS ON OR BEFORE 10 1600 FEBRUARY 2026 | E29: III | F29: UNNACCOUNTED/ABSENT | G29: 12 | H29: No | K29: 16 | M29: 16 | N29: 0 | O29: S.O. Nr 38 dtd 04 March 2026 | P29: SERVED
B30: 4CL | C30: CESNEROS | D30: UNACCOUNTED DURING PUNISHMENT FORMATION ON OR ABOUT 11 1300 JANUARY 2026 | E30: III | F30: UNNACCOUNTED/ABSENT | G30: 8 | H30: No | K30: 8 | M30: 8 | N30: 0 | O30: S.O. Nr 38 dtd 04 March 2026 | P30: SERVED
B31: 4CL | C31: BORJA | D31: SLEEPING WITH ANOTHER CADET DURING AOC'S INSPECTION ON OR ABOUT 10 2020 JANUARY 2026 | E31: III | F31: DOING UNAUTHORIZED THINGS | G31: 10 | H31: No | K31: 10 | M31: 10 | N31: 0 | O31: S.O. Nr 37 dtd 04 March 2026 | P31: SERVED
B32: 4CL | C32: FLORES | D32: REPORTING TO THE DTO WEARING UN-IRONED GABARDINE PANTS ON OR ABOUT 02 FEBRUARY 2026 | E32: III | F32: UNIFORM | G32: 8 | H32: No | K32: 8 | M32: 8 | N32: 0 | O32: S.O. Nr 38 dtd 04 March 2026 | P32: SERVED
B33: 4CL | C33: RAMILLANO | D33: UNACCOUNTED DURING PUNISHMENT FORMATION ON OR ABOUT 11 1300 JANUARY 2026 | E33: III | F33: UNNACCOUNTED/ABSENT | G33: 8 | H33: No | K33: 8 | M33: 10 | N33: 0 | O33: S.O. Nr 38 dtd 04 March 2026 | P33: SERVED
B34: 4CL | C34: DOSOL | D34: UNACCOUNTED DURING PUNISHMENT FORMATION ON OR ABOUT 11 1300 JANUARY 2026 | E34: III | F34: UNNACCOUNTED/ABSENT | G34: 8 | H34: No | K34: 8 | M34: 12 | N34: 0 | O34: S.O. Nr 38 dtd 04 March 2026 | P34: SERVED
B35: 4CL | C35: SANICO | D35: ABSENT FROM DUTY THAT IS NOT ATTENDING 4CL ATHLETICS DESPITE NUMEROUS CAUTIONS ON OR BEFORE 10 1600 FEBRUARY 2026 | E35: III | F35: UNNACCOUNTED/ABSENT | G35: 12 | H35: No | K35: 16 | M35: 16 | N35: =K35-L35-M35 -> 0 | O35: S.O. Nr 38 dtd 04 March 2026 | P35: SERVED
B36: 4CL | C36: SARAPUDDIN | D36: ABSENT FROM DUTY THAT IS NOT ATTENDING 4CL ATHLETICS DESPITE NUMEROUS CAUTIONS ON OR BEFORE 10 1600 FEBRUARY 2026 | E36: III | F36: UNNACCOUNTED/ABSENT | G36: 12 | H36: No | K36: 16 | M36: 16 | N36: =K36-L36-M36 -> 0 | O36: S.O. Nr 38 dtd 04 March 2026 | P36: SERVED
B37: 4CL | C37: AQUITANIA | D37: UNACCOUNTED DURING ARRIVAL HONORS FORMATIONS ON OR ABOUT 10 0730 JANUARY 2026 | E37: III | F37: UNNACCOUNTED/ABSENT | G37: 10 | H37: No | K37: 10 | M37: 10 | N37: =K37-L37-M37 -> 0 | O37: S.O. Nr 37 dtd 04 March 2026 | P37: SERVED
B38: 4CL | C38: LEYESA | D38: LATE FROM MORNING MESS FORMATION OA 12 0545 OCTOBER 2025 | E38: III | F38: LATE | G38: 8 | H38: No | K38: 8 | M38: 8 | O38: S.O. Nr 157 dtd 12 November 2025 | P38: SERVED
B39: 4CL | C39: CESNEROS | D39: LATE FROM RELIGIOUS SPIRITUAL ENHANCEMENT DUTY OA 12 0645 OCTOBER 2025 | E39: III | F39: LATE | G39: 8 | H39: No | K39: 8 | M39: 8 | O39: S.O. Nr 157 dtd 12 November 2025 | P39: SERVED
B40: 4CL | C40: RAMILLANO | D40: LATE FROM 2ND PERIOD CLASS OA 12 0820H NOVEBER 2025 | E40: III | F40: LATE | G40: 8 | H40: No | K40: 8 | M40: 8 | O40: S.O. Nr 182 dtd 05 December 2025 | P40: SERVED
B41: 4CL | C41: RAMILLANO | D41: LATE FROM RELIGIOUS SPIRITUAL ENHANCEMENT DUTY OA 12 0645 OCTOBER 2026 | E41: III | F41: LATE | G41: 8 | H41: No | K41: 8 | M41: 8 | O41: S.O. Nr 157 dtd 12 November 2025 | P41: SERVED
B42: 4CL | C42: CARSON | D42: LATE FROM 4CL EVENING MESS OA 13 1745 OCTOBER 2025 | E42: III | F42: LATE | G42: 8 | H42: No | K42: 8 | M42: 8 | O42: S.O. Nr 157 dtd 12 November 2025 | P42: SERVED
B43: 4CL | C43: FORONDA | D43: LATE FROM 4CL EVENING MESS OA 13 1745 OCTOBER 2026 | E43: III | F43: LATE | G43: 8 | H43: No | K43: 8 | M43: 8 | O43: S.O. Nr 157 dtd 12 November 2026 | P43: SERVED
B44: 4CL | C44: FORONDA | D44: ABSENT FROM DUTY THAT IS NOT ATTENDING 4CL ATHLETICS DESPITE NUMEROUS CAUTIONS ON OR BEFORE 10 1600 FEBRUARY 2026 | E44: III | F44: UNNACCOUNTED/ABSENT | G44: 12 | H44: No | K44: 16 | M44: 16 | N44: =K44-L44-M44 -> 0 | O44: S.O. Nr 38 dtd 04 March 2026 | P44: SERVED
B45: 4CL | C45: LIWANAG | D45: ABSENT FROM DUTY THAT IS NOT ATTENDING 4CL ATHLETICS DESPITE NUMEROUS CAUTIONS ON OR BEFORE 10 1600 FEBRUARY 2026 | E45: III | F45: UNNACCOUNTED/ABSENT | G45: 12 | H45: No | K45: 16 | M45: 16 | N45: =K45-L45-M45 -> 0 | O45: S.O. Nr 38 dtd 04 March 2026 | P45: SERVED
B46: 4CL | C46: RAMOS | D46: UNACCOUNTED FROM 5TH PERIOD CLASS OA 23 1430 OCTOBER 2025 | E46: III | F46: UNNACCOUNTED/ABSENT | G46: 10 | H46: No | K46: 10 | M46: 8 | O46: S.O. Nr 182 dtd 05 December 2025 | P46: SERVED
B47: 4CL | C47: DOSOL | D47: AS A RESPONSIBLE SIGNIFIED CATHOLIC CADET, THAT IS INSISITING TO GO IN CCCC RELIGIOUS SERVICE DESPITE THE NUMEROUS CAUTIONED FROM THE UPPERCLASS OA 09 0640H NOVEMBER 2025 | E47: III | F47: UNNACCOUNTED/ABSENT | G47: 19 | H47: No | K47: 39 | M47: 26 | N47: 13 | O47: S.O. Nr 177 dtd 20November 2025 | P47: SERVED
B48: 4CL | C48: VITAO | D48: LATE FROM 4CL EVENING MESS OA 13 1745 OCTOBER 2028 | E48: III | F48: LATE | G48: 8 | H48: No | K48: 8 | M48: 6 | N48: =K48-L48-M48 -> 2 | O48: S.O. Nr 157 dtd 12 November 2028 | P48: SERVED
B49: 4CL | C49: AQUITANIA | D49: LATE DURING MOMING MESS FORMATION ON OR ABOUT 02 0630 JANUARY 2026 | E49: III | F49: LATE | G49: 8 | H49: No | K49: 8 | M49: 8 | N49: =K49-L49-M49 -> 0 | O49: S.O. Nr 37 dtd 04 March 2026 | P49: SERVED
B50: 4CL | C50: BERBANO | D50: UNAUTHORIZED PRESENCE INSIDE CITY BARRACKS OA 19 0330H NOVEMBER 2025 | E50: III | F50: DOING UNAUTHORIZED THINGS | G50: 13 | H50: No | K50: 13 | M50: 13 | N50: =K50-L50-M50 -> 0 | O50: S.O. Nr 120 dtd 18 September 2025 | P50: SERVED
B51: 4CL | C51: VITAO | D51: UNAUTHORIZED PRESENCE IN THE CITY BARRACKS OA 17 0322 NOVEMBER 2025 | E51: III | F51: DOING UNAUTHORIZED THINGS | G51: 13 | H51: No | K51: 13 | O51: S.O. Nr 182 dtd 05 December 2025 | P51: SERVED
A52: 6 | B52: 3CL | C52: FALCON | D52: LOST BOPER RETAINER AND SPRING OA 04 MAY 2025 | E52: III | F52: NEGLIGENCE OF DUTY | G52: 8 | H52: No | K52: 8 | L52: 0 | M52: 8 | N52: =K52-M52-L52 -> 0 | O52: S.O. Nr 069 dtd 25 June 2025 | P52: SERVED
B53: 3CL | C53: YABUT | D53: UNACCOUNTED DURING ATHLETIC PD OA 08 1600 JULY 2025 | E53: III | F53: UNNACCOUNTED/ABSENT | G53: 8 | H53: No | K53: 8 | L53: 0 | M53: 8 | N53: =K53-M53-L53 -> 0 | O53: S.O. Nr 086 dtd 21 July 2025 | P53: SERVED
B54: 3CL | C54: SIOCO | D54: UNACCOUNTED FROM NOON MESS FORMATION ON OR ABOUT 13 1205 JANUARY 2026 | E54: III | F54: UNNACCOUNTED/ABSENT | G54: 8 | H54: No | K54: 8 | M54: 8 | N54: =K54-L54-M54 -> 0 | O54: S.O. Nr 37 dtd 04 March 2026 | P54: SERVED
B55: 3CL | C55: GOMEZ | D55: AS A RESPONSIBLE MARCHER, NOT ENSURING HIS SECTION TO FORM AT THE QUEZON AVENUE FACING REGIS HALL BEFORE PROCEEDING TO SD CLASS OA 12 0820 SEPTEMBER 2025 | E55: III | F55: NEGLIGENCE OF DUTY | G55: 10 | H55: No | K55: 10 | M55: 10 | N55: =K55-L55-M55 -> 0 | O55: S.O. Nr 132 dtd 13 October 2025 | P55: SERVED
B56: 3CL | C56: JIMENEZ | D56: WATCHING YOUTUBE DURING OC'S INSPECTION OA 22 2000 NOVEMBER 2025 | E56: II | F56: DOING UNAUTHORIZED THINGS | G56: 20 | H56: Yes | I56: 45996 | J56: 46010 | K56: 40 | L56: 0 | M56: 40 | N56: =K56-L56-M56 -> 0 | O56: S.O. Nr 183 dtd 05 December 2025 | P56: SERVED
B57: 3CL | C57: JIMENEZ | D57: OFFLIMITS OA 07 0300 SEPTEMBER 2025 | E57: II | F57: DOING UNAUTHORIZED THINGS | G57: 30 | H57: Yes | I57: 45943 | J57: 45992 | K57: 65 | M57: 65 | N57: =K57-L57-M57 -> 0 | O57: S.O. Nr 129 dtd 13 October 2025 | P57: SERVED
B58: 3CL | C58: JIMENEZ | D58: NOT LOGGING IN PROPERLY AT THE DEPARTURE BOOK ON OR ABOUT 01 FEBRUARY 2026 | E58: III | F58: NEGLIGENCE OF DUTY | G58: 10 | H58: No | K58: 10 | M58: 10 | N58: =K58-L58-M58 -> 0 | O58: S.O. Nr 37 dtd 04 March 2026 | P58: SERVED
B59: 3CL | C59: CALUBAD | D59: NOT LOGGING IN PROPERLY AT THE DEPARTURE BOOK ON OR ABOUT 01 FEBRUARY 2026 | E59: III | F59: NEGLIGENCE OF DUTY | G59: 10 | H59: No | K59: 10 | M59: 10 | N59: =K59-L59-M59 -> 0 | O59: S.O. Nr 37 dtd 04 March 2026 | P59: SERVED
B60: 3CL | C60: FERRER | D60: LATE FROM 3CL TUTORING OA 30 1330 AUGUST 2025 | E60: III | F60: LATE | G60: 8 | H60: No | K60: 8 | M60: 8 | N60: 0 | O60: S.O. Nr 111 dtd 01 September 2025 | P60: SERVED
B61: 3CL | C61: FERRER | D61: DRINKING DUTCHMILL YOGURT DRINK IN SGD 231 | E61: III | F61: DOING UNAUTHORIZED THINGS | G61: 8 | H61: No | K61: 8 | M61: 8 | N61: =K61-L61-M61 -> 0 | O61: S.O. Nr 111 dtd 01 September 2025 | P61: SERVED
B62: 3CL | C62: FERRER | D62: ESTING PEANUTS IN SGD 231 O/A 01 1310 JULY 2025 | E62: III | F62: DOING UNAUTHORIZED THINGS | G62: Nr | H62: No | K62: 8 | M62: 8 | N62: =0 -> 0 | O62: S.O. Nr 111 dtd 01 September 2025 | P62: SERVED
B63: 3CL | C63: MORETO | D63: NOT LOGGING IN PROPERLY AT THE DEPARTURE BOOK ON OR ABOUT 01 FEBRUARY 2026 | E63: III | F63: NEGLIGENCE OF DUTY | G63: 10 | H63: No | K63: 10 | M63: 10 | N63: =K63-L63-M63 -> 0 | O63: S.O. Nr 38 dtd 04 March 2026 | P63: SERVED
B64: 4CL | C64: ABONITA | D64: LATE FROM 1ST PERIOD CLASS FORMATION OA 21 0650 OCTOBER 2025 | E64: III | F64: LATE | G64: 10 | H64: No | K64: 10 | M64: 10 | N64: =K64-L64-M64 -> 0 | P64: SERVED
B65: 3CL | C65: NANGCAS | D65: UNPLUGGED LAPTOP CHARGER OA 24 1615 JULY 2025 | E65: III | F65: DOING UNAUTHORIZED THINGS | G65: 10 | H65: No | K65: 10 | M65: 10 | N65: 0 | O65: S.O. Nr 111 dtd 10 September 2025 | P65: SERVED
B66: 3CL | C66: NANGCAS | D66: AS A CCQ, SLEEPING WHILE ON POST OA 05 10000 AUGUST 2025 | E66: III | F66: DOING UNAUTHORIZED THINGS | G66: 19 | H66: No | K66: 39 | M66: 39 | N66: =K66-M66 -> 0 | O66: S.O. Nr 111 dtd 10 September 2025 | P66: SERVED
B67: 3CL | C67: MORETO | D67: NOT LOGGING IN PROPERLY AT THE DEPARTURE BOOK ON OR ABOUT 01 FEBRUARY 2026 | E67: III | F67: NEGLIGENCE OF DUTY | G67: 10 | H67: No | K67: 10 | M67: 10 | N67: =K67-L67-M67 -> 0 | O67: S.O. Nr 38 dtd 04 March 2026 | P67: SERVED
B68: 2CL | C68: DURAN | D68: LEAVING HIS RIFLE UNATTENDED DURING RANKS AND BARRACKS INSPECTION ON OR ABOUT 31 0830 JANUARY 2026 | E68: III | F68: DOING UNAUTHORIZED THINGS | G68: 13 | H68: No | K68: 19 | M68: 19 | N68: 0 | O68: S.O. Nr 37 dtd 04 March 2026 | P68: SERVED
B69: 2CL | C69: ALEJANDRE | D69: UNACCOUNTED DURING MORNING MESS ON OR ABOUT 11 0500 JANUARY 2026 | E69: III | F69: UNNACCOUNTED/ABSENT | G69: 8 | H69: No | K69: 8 | O69: S.O. Nr 37 dtd 04 March 2026 | P69: SERVED
A70: 2 | B70: 1CL | C70: ALIVEN | D70: UNAUTHORIZE PRESSENCE INSIDE BARRACKS OA 11 0730 MAY 2025 | E70: II | F70: DOING UNAUTHORIZED THINGS | G70: 30 | H70: No | I70: 45819 | J70: 45868 | K70: 65 | L70: 20 | M70: 45 | N70: =K70-M70-L70 -> 0 | O70: S.O. Nr 064 dtd 11 June 2025 | P70: SERVED
A71: 7 | B71: 2CL | C71: LAO-ING | D71: UNACCOUNTED DURING MORNING MESS FORMATION OA 17 0530 MAY 2025 | E71: III | F71: UNNACCOUNTED/ABSENT | G71: 10 | H71: No | K71: 10 | L71: 0 | M71: 10 | N71: =K71-M71-L71 -> 0 | O71: S.O. Nr 064 dtd 11 June 2025 | P71: SERVED
A72: 8 | B72: 1CL | C72: ODSINADA | D72: BROKEN FRONT SIGHT OA 31 1720 MAY 2025 | E72: III | F72: NEGLIGENCE OF DUTY | G72: 8 | H72: No | K72: 8 | L72: 0 | M72: 8 | N72: =K72-M72-L72 -> 0 | O72: S.O. Nr 069 dtd 25 June 2025 | P72: SERVED
B73: 2CL | C73: DURAN | D73: NOT FOLLOWING SPECIFIC INSTRUCTION THAT IS NOT REPORTING TO DEPARTMENT OF AIR WARFARE OA 07 1930 AUGUST 2025 | E73: III | F73: NEGLIGENCE OF DUTY | G73: 8 | H73: No | K73: 8 | L73: 8 | M73: 8 | N73: 0 | O73: S.O. Nr 109 dtd 09 September 2025 | P73: SERVED
B74: 2CL | C74: DACARA | D74: GENERALLY UNPREPARED RIFLE OA 30 0900 AUGUST 2025 | E74: III | F74: NEGLIGENCE OF DUTY | G74: 8 | H74: No | K74: 8 | M74: 8 | N74: 0 | O74: S.O. Nr 116 dtd 18 Septmebr 2025 | P74: SERVED
B75: 2CL | C75: DE JESUS | D75: UNAUTHORIZED PRESENCE INSIDE BARRCAKS OA 22 0600 OCTOBER 2025 THAT IS NOT ATTENDING SLOW DRILL PRACTICE | E75: II | F75: DOING UNAUTHORIZED THINGS | G75: 20 | H75: Yes | I75: 45980 | J75: 45994 | K75: 40 | M75: 40 | N75: =K75-M75 -> 0 | O75: S.O. Nr 157 dtd 12 November 2025 | P75: SERVED
A76: 9 | B76: 2CL | C76: AGUSTIN | D76: UNACCOUNTED FROM MORNING MESS FORMATION OA 12 0545 MAY 2025 | E76: III | F76: UNNACCOUNTED/ABSENT | G76: 10 | H76: No | K76: 10 | L76: 0 | M76: 10 | N76: =K76-M76-L76 -> 0 | O76: S.O. Nr 064 dtd 11 June 2025 | P76: SERVED
A77: 10 | B77: 2CL | C77: ISRAEL | D77: MOVING DURING FIRST CALL OF BARRACKS AND RANKS INSPECTION OA 07 0800 JUNE 2025 | E77: III | F77: DOING UNAUTHORIZED THINGS | G77: 10 | H77: No | K77: 10 | L77: 0 | M77: 10 | N77: =K77-M77-L77 -> 0 | O77: S.O. Nr 069 dtd 25 June 2025 | P77: SERVED
A78: 11 | B78: 2CL | C78: PINTO | D78: UNACCOUNTED DURING MORNING MESS FORMATION OA 17 0530 MAY 2025 | E78: III | F78: UNNACCOUNTED/ABSENT | G78: 10 | H78: No | K78: 10 | L78: 0 | M78: 10 | N78: =K78-M78-L78 -> 0 | O78: S.O. Nr 064 dtd 11 June 2025 | P78: SERVED
A79: 12 | B79: 2CL | C79: AGUSTIN | D79: UNACCOUNTED DURING MORNING MESS FORMATION OA 17 0530 MAY 2025 | E79: III | F79: UNNACCOUNTED/ABSENT | G79: 10 | H79: No | K79: 10 | L79: 0 | M79: 10 | N79: =K79-M79-L79 -> 0 | O79: S.O. Nr 064 dtd 11 June 2025 | P79: SERVED
A80: 13 | B80: 2CL | C80: BALQUIN | D80: UNACCOUNTED DURING MORNING MESS FORMATION OA 17 0530 MAY 2025 | E80: III | F80: UNNACCOUNTED/ABSENT | G80: 10 | H80: No | K80: 10 | L80: 0 | M80: 10 | N80: =K80-M80-L80 -> 0 | O80: S.O. Nr 064 dtd 11 June 2025 | P80: SERVED
A81: 14 | B81: 1CL | C81: PALACIOS | D81: POSSESSING BLENDER DURING OC INSPECTION OA 01 1000 JUNE 2025 | E81: III | F81: POSSESSING/USING UNAUTHORIZED ITEM | G81: 10 | H81: No | K81: 10 | L81: 0 | M81: 10 | N81: =K81-M81-L81 -> 0 | O81: S.O. Nr 069 dtd 25 June 2025 | P81: SERVED
B82: 2CL | C82: CELAJES | D82: UNACCOUNTED FROM SMC CADETS DUTY OA 09 JULY 2025 | E82: III | F82: UNNACCOUNTED/ABSENT | G82: 8 | H82: No | K82: 8 | L82: 0 | M82: 8 | N82: 0 | O82: S.O. Nr 086 dtd 21 July 2025 | P82: SERVED
A83: 15 | B83: 2CL | C83: MONTEFALCON | D83: SCAGGING WHILE COSING THE DOOR OA 17 2150 MAY 2028 | E83: II | F83: DOING UNAUTHORIZED THINGS | G83: 30 | H83: No | I83: 45814 | J83: 45863 | K83: 65 | L83: 28 | M83: 37 | N83: =K83-M83-L83 -> 0 | O83: S.O. Nr 062 dtd 05 June 2029 | P83: SERVED
B84: 3CL | C84: LABARINTO | D84: ABSENT DURING CONDUCT OF MAT231 EXTRA INSTRUCTION O/A 13 JULY 2025 | E84: III | F84: LATE | G84: 10 | H84: No | K84: 10 | L84: 0 | M84: 10 | N84: =K84-M84-L84 -> 0 | O84: S.O. Nr 086 dtd 21 July 2025 | P84: SERVED
A85: 1 | B85: 1CL | C85: SOLLANO | D85: SCAGGING WHILE COSING THE DOOR OA 17 2150 MAY 2026 | E85: II | F85: DOING UNAUTHORIZED THINGS | G85: 30 | H85: No | I85: 45812 | J85: 45861 | K85: 65 | L85: 20 | M85: 45 | N85: =K85-M85-L85 -> 0 | O85: S.O. Nr 062 dtd 05 June 2025 | P85: SERVED
A86: 3 | B86: 1CL | C86: BELTRAN | D86: VIDEOCALLING 2CL RELLEVE OA 14 0800 MARCH 2025 | E86: II | F86: SEXUAL MISCONDUCT/HARASSMENT | G86: 20 | H86: No | I86: 45819 | J86: 45833 | K86: 40 | L86: 0 | M86: 40 | N86: =K86-M86-L86 -> 0 | O86: S.O. Nr 064 dtd 11 June 2025 | P86: SERVED
B87: 1CL | C87: DEL ROSARIO | D87: ABSENT FROM RELIGIOUS SPIRITUAL ENHANCEMENT DUTY OA 24 0640 AUGUST 2025 | E87: III | F87: UNNACCOUNTED/ABSENT | G87: 9 | H87: No | K87: 9 | M87: 9 | N87: 0 | O87: S.O. Nr 116 dtd 18 Septmebr 2025 | P87: SERVED
A88: 4 | B88: 1CL | C88: DAMASCO | D88: SHOWING UNPROFESSIONAL CONDUCT AND MAKING IRRELEVANT VIDEO THA WOULD DIMINISH THE IMAGE OF PMA OA 15 APRIL 2025 | E88: II | F88: DOING UNAUTHORIZED THINGS | G88: 30 | H88: Yes | I88: 45825 | J88: 45874 | K88: 65 | L88: 33 | M88: 32 | N88: =K88-M88-L88 -> 0 | O88: S.O. Nr 066 dtd 20 June 2025 | P88: SERVED
A89: 5 | B89: 1CL | C89: HONCULADA | D89: SHOWING UNPROFESSIONAL CONDUCT AND MAKING IRRELEVANT VIDEO THA WOULD DIMINISH THE IMAGE OF PMA OA 15 APRIL 2025 | E89: II | F89: DOING UNAUTHORIZED THINGS | G89: 30 | H89: Yes | I89: 45825 | J89: 45874 | K89: 65 | L89: 9 | M89: 56 | N89: =K89-M89-L89 -> 0 | O89: S.O. Nr 066 dtd 20 June 2025 | P89: SERVED
B90: 2CL | C90: MONTEFALCON | D90: UNACCOUNTED DURING MORNING MESS FORMATION OA 16 0450 NOVEMBER 2025 | E90: III | F90: UNNACCOUNTED/ABSENT | G90: 8 | H90: No | K90: 8 | L90: 4 | M90: 4 | N90: 0 | O90: S.O. Nr 185 dtd 09 December 2025 | P90: SERVED
B91: 2CL | C91: PALALIO | D91: SCAGGING WHILE COSING THE DOOR OA 17 2150 MAY 2029 | E91: II | F91: DOING UNAUTHORIZED THINGS | G91: 30 | H91: No | I91: 45815 | J91: 45864 | K91: 65 | L91: 20 | M91: 45 | N91: =K91-M91-L91 -> 0 | O91: S.O. Nr 062 dtd 05 June 2028 | P91: SERVED
B92: 2CL | C92: LOBETE | D92: NOT LOGGING IN PROPERLY AT THE DEPARTURE BOOK ON OR ABOUT 01 FEBRUARY 2026 | E92: III | F92: NEGLIGENCE OF DUTY | G92: 15 | H92: No | K92: 25 | M92: 25 | N92: =K92-L92-M92 -> 0 | O92: S.O. Nr 37 dtd 04 March 2026 | P92: SERVED
B93: 1CL | C93: ALIVEN | D93: 13 MIN LATE FROM 5TH PERIOD CLASS OA 15 1440 AUGUST 2025 | E93: III | F93: LATE | G93: 11 | H93: No | K93: 13 | M93: 13 | N93: =K93-M93 -> 0 | O93: S.O. Nr 109 dtd 09 September 2025 | P93: SERVED
B94: 1CL | C94: HONCULADA | D94: LATE FROM RELIGIOUS SERVICE OA 0600 JULY 2025 | E94: III | F94: LATE | G94: 8 | H94: No | K94: 8 | M94: 8 | N94: =M94-K94 -> 0 | O94: S.O. Nr 106 dtd 08 September 2025 | P94: SERVED
B95: 1CL | C95: PONTILLO | D95: NOT RENDERING DAMAGE FA'S TO HTG ARMORY CUSTODIAN AFTER 72 HRS UPON NOTICE OA 14 FEBRUARY 2025 | E95: III | F95: NEGLIGENCE OF DUTY | G95: 8 | H95: No | K95: 8 | M95: 8 | N95: 0 | O95: S.O. Nr 106 dtd 08 September 2025 | P95: SERVED
B96: 1CL | C96: PONTILLO | D96: LATE FROM RELIGIOUS SERVICE OA 0600 JULY 2025 | E96: III | F96: LATE | G96: 8 | H96: No | K96: 8 | M96: 8 | N96: =M96-K96 -> 0 | O96: S.O. Nr 106 dtd 08 September 2025 | P96: SERVED
B97: 1CL | C97: CANTO | D97: UNACCOUNTED FROM MORNING MESS FORMATION OA 09 0530 AUGUST 2025 | E97: III | F97: UNNACCOUNTED/ABSENT | G97: 10 | H97: No | K97: 10 | M97: 10 | N97: =K97-M97 -> 0 | O97: S.O. Nr 109 dtd 09 September 2025 | P97: SERVED
B98: 1CL | C98: HUARDE | D98: USING UMBRELLA WHILE ON PICNIC UNIFORM OA 24 0745 AUGUST 2025 | E98: III | F98: DOING UNAUTHORIZED THINGS | G98: 9 | H98: No | K98: 9 | L98: 9 | N98: =K98-L98 -> 0 | O98: S.O. Nr 116 dtd 18 September 2025 | P98: SERVED
B99: 1CL | C99: HUARDE | D99: 13 MIN LATE FROM 5TH PERIOD CLASS OA 15 1440 AUGUST 2025 | E99: III | F99: LATE | G99: 11 | H99: No | K99: 13 | L99: 5 | M99: 8 | N99: =K99-M99-L99 -> 0 | O99: S.O. Nr 109 dtd 09 September 2025 | P99: SERVED
B100: 2CL | C100: WANIA | D100: NOT ATTENDING FLEXIBLE EVENING MESS OA 08 OCTOBER 2025 | E100: II | F100: UNNACCOUNTED/ABSENT | G100: 30 | H100: Yes | I100: 45959 | J100: 46008 | K100: 65 | M100: 65 | N100: =K100-L100-M100 -> 0 | O100: S.O. Nr 149 dtd 29 October 2025 | P100: SERVED
B101: 1CL | C101: PABUNAN | D101: LATE FROM RELIGIOUS SERVICE OA 0600 JULY 2025 | E101: III | F101: LATE | G101: 8 | H101: No | K101: 8 | M101: 8 | N101: =K101-M101 -> 0 | O101: S.O. Nr 106 dtd 08 September 2025 | P101: SERVED
B102: 1CL | C102: PALACIOS | D102: UNAUTHORIZED HANGING AT THE WINDOW THAT CAN BES EEN OUTSIDE THE BARRACKS OA 09 1345 OCTOBER 2025 | E102: III | F102: POSSESSING/USING UNAUTHORIZED ITEM | G102: 8 | H102: No | K102: 8 | M102: 8 | N102: =K102-M102 -> 0 | O102: S.O. Nr 148 dtd 29 October 2025 | P102: SERVED
B103: 2CL | C103: PERCIL | D103: NOT ATTENDING DUTY FOR NOON MESS OA 13 1130 JULY 2025 | E103: III | F103: UNNACCOUNTED/ABSENT | G103: 10 | H103: No | K103: 10 | M103: 10 | N103: =K103-M103 -> 0 | O103: S.O. Nr 106 dtd 08 September 2025 | P103: SERVED
...

Sheet ECHO
A1: ECHO COMPANY PUNISHMENT MONITORING LIST
A2: F/SGT: CDT 2CL JOMEL G MACAS 'E' Co CCAFP
A3: UPDATED AS OF : | E3: 46161
A4: NOTED BY: CDT SGT MAJ 2CL FIONA LISA C DEMARAYE 'H' Co CCAFP
A6: RANK | B6: LAST NAME | C6: OFFENSE | D6: CLASS | E6: NATURE OF OFFENSE | F6: DEMERITS | G6: CONFINEMENT | J6: TOURING HOURS | N6: REFERENCE | O6: REMARKS
H7: START | I7: END | J7: TOTAL | K7: CONVERTED | L7: SERVED | M7: REMAINING
A8: 2LT | B8: ESCALANTE | C8: POSSESSING UNREGISTERED SMARTPHONE O/A 21 0600 JANUARY 2026 | D8: II | E8: POSSESSING/USING UNAUTHORIZED ITEM | F8: 50 | G8: Yes | H8: 46044 | I8: 46224 | J8: 180 | K8: 0 | L8: 180 | M8: =J8-L8-K8 -> 0 | N8: S.O. Nr. 17 dtd 23 JANUARY 2025 | O8: CONFINED
A9: 2LT | B9: ESCALANTE | C9: UNAUTHORIZED PRESENCE INSIDE BARRACKS THAT IS NOT ATTENDING MORNING MESS O/A 21 0600 JANUARY 2026 | D9: II | E9: UNNACCOUNTED/ABSENT | F9: 30 | G9: Yes | H9: 46225 | I9: 46274 | J9: 65 | K9: 0 | L9: 65 | M9: =J9-L9-K9 -> 0 | N9: S.O. Nr. 17 dtd 23 JANUARY 2025 | O9: CONFINED
A10: 1CL | B10: SALEM | C10: SLEEPING WITH ANOTHER CADET OF OPPOSITE SEX | D10: II | E10: DOING UNAUTHORIZED THINGS | F10: 51 | G10: Yes | H10: 46097 | I10: 46277 | J10: 181 | L10: 181 | M10: =J10-L10-K10 -> 0 | O10: CONFINED
A11: 2CL | B11: AGUSTIN | C11: POSSESSING UNAUTHORIZED SMARTPHONE DURING OC INSPECTION ON OR ABOUT 28 2240 JANUARY 2026 | D11: II | E11: POSSESSING/USING UNAUTHORIZED ITEM | F11: 50 | G11: Yes | H11: 46078 | I11: 46257 | J11: 180 | L11: 180 | M11: =J11-L11-K11 -> 0 | N11: S.O. Nr 35 dtd 26 February 2028 | O11: CONFINED
A12: 3CL | B12: ILUMIN | C12: POSSESING SNARTPHONE O/A 25 0045 ONVEMBER 2025 | D12: II | E12: POSSESSING/USING UNAUTHORIZED ITEM | F12: 20 | G12: Yes | H12: 46010 | I12: 45824 | J12: 180 | L12: 180 | M12: =J12-L12-K12 -> 0 | N12: S. O. Nr. 214 dtd 19 December 2025 | O12: CONFINED
A17: SERVED PUNISHMENTS
A18: 1CL | B18: ALBERTO | C18: UNAUTHORIZED PRESENCE INSIDE BARRACKS DURING INTRAMURALS GAMES O/A 25 0990 SEPTEMBER 2025 | D18: III | E18: UNNACCOUNTED/ABSENT | F18: 11 | G18: No | J18: 13 | K18: 0 | L18: 13 | M18: =J18-L18-K18 -> 0 | N18: S. O. Nr 140 dtd 22 October 2025 | O18: SERVED
A19: 1CL | B19: AQUINO | C19: LATE FROM 2CL DUTY O/A 05 2130 OCTOBER 2025 | D19: III | E19: LATE | F19: 8 | G19: No | J19: 8 | K19: 0 | L19: 8 | M19: =J19-L19-K19 -> 0 | N19: S. O. Nr 142 dtd 23 October 2025 | O19: SERVED
A20: 1CL | B20: AQUINO | C20: UNACCOUNTED DURING CAMP FORMATION O/A 19 1600 OCTOBER 2025 | D20: III | E20: UNNACCOUNTED/ABSENT | F20: 10 | G20: No | J20: 10 | K20: 0 | L20: 10 | M20: =J20-L20-K20 -> 0 | N20: S. O. Nr 171 dtd 28 November 2025 | O20: SERVED
A21: 1CL | B21: BOGADOR | C21: POSSESSING HEATGUN DURING OC'S INSPECTION O/A 17 2109 AUGUST 2025 | D21: III | E21: POSSESSING/USING UNAUTHORIZED ITEM | F21: 10 | G21: No | J21: 10 | K21: 0 | L21: 10 | M21: =J21-L21-K21 -> 0 | N21: S.O. Nr 121 dtd 19 September 2033 | O21: SERVED
A22: 1CL | B22: BOGADOR | C22: UNAUTHORIZED PRESENCE INSIDE BARRACKS THAT IS NOT ATTENDING RELIGIOUS SERVICE O/A 19 OCTOBER 2025 | D22: II | E22: UNNACCOUNTED/ABSENT | F22: 30 | G22: Yes | H22: 45978 | I22: 45662 | J22: 65 | K22: 0 | L22: 65 | M22: =J22-L22-K22 -> 0 | N22: S. O. Nr 161 dtd 17 November 2025 | O22: SERVED
A23: 1CL | B23: BOGADOR | C23: UNACCOUNTED FROM EVENING MESS FORMATION O/A 19 1630H JULY 2025 | D23: II | E23: UNNACCOUNTED/ABSENT | F23: 30 | G23: No | H23: 45903 | I23: 45952 | J23: 65 | K23: 20 | L23: 45 | M23: =J23-L23-K23 -> 0 | N23: S.O. Nr 103 dtd 03 September 2025 | O23: SERVED
A24: 1CL | B24: BOGADOR | C24: HAVING UNAUTHORIZED ITEM THAT IS POCKET WIFI ON OR ABOUT 28 2315 JANUARY 2026 | D24: III | E24: POSSESSING/USING UNAUTHORIZED ITEM | F24: 19 | G24: No | J24: 39 | L24: 39 | M24: =J24-L24-K24 -> 0 | N24: S.O. Nr 43 dtd 11 March 2026 | O24: SERVED
A25: 1CL | B25: BOTIGAN | C25: PLAYING COMPUTER GAMES OA 12 JUNE 2025 | D25: III | E25: DOING UNAUTHORIZED THINGS | F25: 19 | G25: No | J25: 39 | K25: 0 | L25: 39 | M25: =J25-L25-K25 -> 0 | N25: S.O. Nr 086 dtd 21 July 2025 | O25: SERVED
A26: 1CL | B26: BOTIGAN | C26: PLAYING ONLINE GAMES DURING AOC'S INSPECTION 21 2035 SEPTEMBER 2025 | D26: II | E26: DOING UNAUTHORIZED THINGS | F26: 20 | G26: Yes | H26: 45952 | I26: 45965 | J26: 40 | K26: 0 | L26: 40 | M26: =J26-L26-K26 -> 0 | N26: S.0. Nr 137 dtd 20 October 2025 | O26: SERVED
A27: 1CL | B27: CATACUTAN | C27: TWO MINUTES LATE FROM TERMINATION OF UPPERCLASS OVERNIGHT ON OR ABOUT 25 1902 DECEMBER 2025 | D27: III | E27: LATE | F27: 8 | G27: No | J27: 8 | L27: 8 | M27: 0 | N27: S.O. Nr 35 dtd 26 February 2026 | O27: SERVED
A28: 1CL | B28: CATACUTAN | C28: UNACCOUNTED DURING DISMOUNTED DRILL FORMATION O/A 13 1000 JULY 2025 | D28: III | E28: UNNACCOUNTED/ABSENT | F28: 10 | G28: No | J28: 10 | K28: 0 | L28: 10 | M28: =J28-L28-K28 -> 0 | N28: S.O. Nr 107 dtd 8 September 2028 | O28: SERVED
A29: 1CL | B29: PACAO | C29: ABSENT FROM NOON MESS O/A 08 1200 NOVEMBER 2025 | D29: II | E29: UNNACCOUNTED/ABSENT | F29: 30 | G29: Yes | H29: 45987 | I29: 45671 | J29: 65 | K29: 0 | L29: 65 | M29: =J29-L29-K29 -> 0 | N29: S. O. Nr 167 dtd 26 November 2025 | O29: SERVED
A30: 1CL | B30: PACAO | C30: ABSENT FROM MORNING MESS O/A 16 0450 NOVEMBER 2025 | D30: II | E30: UNNACCOUNTED/ABSENT | F30: 30 | G30: Yes | H30: 45672 | I30: 45721 | J30: 65 | K30: 0 | L30: 65 | M30: =J30-L30-K30 -> 0 | N30: S. O. Nr 178 dtd 28 November 2025 | O30: SERVED
A31: 1CL | B31: PACAO | C31: AS A HOLDING CENTER CADET, ENTERTAINING HIS VISITOR ON OR ABOUT 24 1630 JANUARY 2026 WITHOUT PERMISSION FROM THE OFFICER-IN-CHARGE | D31: III | E31: DOING UNAUTHORIZED THINGS | F31: 19 | G31: No | J31: 39 | L31: 39 | M31: =J31-L31-K31 -> 0 | N31: S.O. Nr 43 dtd 11 March 2026 | O31: SERVED
A32: 1CL | B32: CENIZA | C32: AS A VERY RESPONSIBLE 2CL CADET, CONDUCT UNBECOMING OF A CADET - THAT IS NAGDABOG HE BANGED HIS HAT ON TIP OF THE TABLE WHILE CD WAS SEVERELY SCOLDING HIM & HIS SEATMATES FOR A PRIOR INCIDENT THAT MADE CD VERY ANGRY IN INS331 O/A 08 1040 - 1150 JULY 2025 | D32: II | E32: DOING UNAUTHORIZED THINGS | F32: 50 | G32: No | H32: 45902 | I32: 46081 | J32: 180 | K32: 26 | L32: 154 | M32: =J32-L32-K32 -> 0 | N32: S.O. Nr 101 dtd 02 September 2025 | O32: SERVED
A33: 1CL | B33: CENIZA | C33: ACCESSING SOCIAL MEDIA PLATFORM AS A GUARD O/A 12 2030 NOVEMBER 2025 | D33: II | E33: DOING UNAUTHORIZED THINGS | F33: 25 | G33: No | H33: 45717 | I33: 45746 | J33: 50 | L33: 50 | M33: =J33-L33-K33 -> 0 | N33: S. O. Nr 178 dtd 28 November 2025 | O33: SERVED
A34: 1CL | B34: CENIZA | C34: ABSENT FROM MORNING MESS O/A 16 0450 NOVEMBER 2025 | D34: III | E34: UNNACCOUNTED/ABSENT | F34: 8 | G34: No | J34: 8 | K34: 0 | L34: 8 | M34: 0 | N34: S. O. Nr 186 dtd 09 December 2025 | O34: SERVED
A35: 1CL | B35: CERVANTES | C35: UNACCOUNTED FROM EVENING MESS FORMATION O/A 19 1630H JULY 2025 | D35: II | E35: UNNACCOUNTED/ABSENT | F35: 30 | G35: No | H35: 45903 | I35: 45952 | J35: 65 | K35: 10 | L35: 55 | M35: =J35-L35-K35 -> 0 | N35: S.O. Nr 103 dtd 03 September 2025 | O35: SERVED
A36: 1CL | B36: CERVANTES | C36: UNAUTHORIZED PRESENCE INSIDE BARRACKS DURING AOC'S INSPECTION O/A 25 1500 SEPTEMBER 2025 | D36: III | E36: UNNACCOUNTED/ABSENT | F36: 11 | G36: No | J36: 13 | K36: 0 | L36: 13 | M36: =J36-L36-K36 -> 0 | N36: S. O. Nr 140 dtd 22 October 2025 | O36: SERVED
A37: 1CL | B37: CUNTAPAY | C37: NOT ATTENDING SMC DUTY O/A 29 0500 JULY 2025 | D37: II | E37: UNNACCOUNTED/ABSENT | F37: 30 | G37: No | H37: 45903 | I37: 45952 | J37: 65 | K37: 2 | L37: 63 | M37: =J37-L37-K37 -> 0 | N37: S.O. Nr 103 dtd 03 September 2025 | O37: SERVED
A38: 1CL | B38: GALLAZA | C38: NOT ATTENDING DUTY FOR NOON MESS O/A 13 1130H JULY 2025 | D38: II | E38: UNNACCOUNTED/ABSENT | F38: 30 | G38: No | H38: 45882 | I38: 45931 | J38: 65 | K38: 6 | L38: 59 | M38: =J38-L38-K38 -> 0 | N38: S.O. Nr 094 dtd 14 August 2025 | O38: SERVED
A39: 1CL | B39: GALLAZA | C39: NOT ATTENDING DUTY FOR NOON MESS O/A 13 1130H JULY 2025 | D39: II | E39: UNNACCOUNTED/ABSENT | F39: 30 | G39: No | H39: 45882 | I39: 45931 | J39: 65 | K39: 6 | L39: 59 | M39: =J39-L39-K39 -> 0 | N39: S.O. Nr 094 dtd 14 August 2025 | O39: SERVED
A40: 1CL | B40: GALLAZA | C40: UNAUTHORIZED PRESENCE INSIDE BARRACKS DURING INTRAMURALS GAMES O/A 25 0990 SEPTEMBER 2025 | D40: III | E40: UNNACCOUNTED/ABSENT | F40: 11 | G40: No | J40: 13 | K40: 0 | L40: 13 | M40: =J40-L40-K40 -> 0 | N40: S. O. Nr 140 dtd 22 October 2025 | O40: SERVED
A41: 1CL | B41: GALLAZA | C41: UNAUTHORIZED POSSESSION OF WIFI DURING OC'S INSPECTION O/A 20 2300 JULY 2025 | D41: II | E41: POSSESSING/USING UNAUTHORIZED ITEM | F41: 20 | G41: No | H41: 45932 | I41: 45946 | J41: 40 | K41: 0 | L41: 40 | M41: =J41-L41-K41 -> 0 | N41: S.O. Nr 103 dtd 03 September 2025 | O41: SERVED
A42: 1CL | B42: LATORRE | C42: AS A VERY RESPONISBLE 2CL CADET, FAILURE TO FOLLOW PROPER CLASSROOM PROCEDURE & EXHIBITED DISREPSECT TO PROFESSOR/CD - THAT IS, SHE AND OTHER CADETS KEPT TALKING & LAUGHING AT THEIR SEATS EVEN AFTER BEING REMINDED OF EXAM PROCEDURES & UE PAPERS ALREADY BEING DISTIBUTED IN INS331 O/A 08 1040 - 1150 JULY 2025 | D42: II | E42: DOING UNAUTHORIZED THINGS | F42: 40 | G42: Yes | H42: 45902 | I42: 46011 | J42: 110 | K42: 26 | L42: 84 | M42: =J42-L42-K42 -> 0 | N42: S.O. Nr 101 dtd 02 September 2025 | O42: SERVED
A43: 1CL | B43: MUNAR | C43: NOT ATTENDING DUTY FOR NOON MESS O/A 13 1130H JULY 2025 | D43: II | E43: UNNACCOUNTED/ABSENT | F43: 30 | G43: No | H43: 45887 | I43: 45936 | J43: 65 | K43: 20 | L43: 45 | M43: =J43-L43-K43 -> 0 | N43: S.O. Nr 097 dtd 19 August 2025 | O43: SERVED
A44: 1CL | B44: MUNAR | C44: UNACCOUNTED FROM ECHO COMPANY NIGHT FORMATION O/A 17 1600 AUGUST 2025 | D44: III | E44: UNNACCOUNTED/ABSENT | F44: 10 | G44: No | J44: 10 | K44: 0 | L44: 10 | M44: 0 | N44: S.O. Nr 122 dtd 19 September 2033 | O44: SERVED
A45: 1CL | B45: MUNAR | C45: UNACCOUNTED FROM ECHO COMPANY NIGHT FORMATION O/A 17 1600 AUGUST 2025 | D45: III | E45: UNNACCOUNTED/ABSENT | F45: 10 | G45: No | J45: 10 | K45: 0 | L45: 10 | M45: 0 | N45: S.O. Nr 122 dtd 19 September 2033 | O45: SERVED
A46: 1CL | B46: MUNAR | C46: UNAUTHORIZED PRESENCE INSIDE BARRACKS DURING INTRAMURALS GAMES O/A 25 0990 SEPTEMBER 2025 | D46: III | E46: UNNACCOUNTED/ABSENT | F46: 11 | G46: No | J46: 13 | K46: 0 | L46: 13 | M46: =J46-L46-K46 -> 0 | N46: S. O. Nr 140 dtd 22 October 2025 | O46: SERVED
A47: 1CL | B47: MUNAR | C47: PLAYING VALORANT PASSIONATELY AFTER TAPS O/A 04 2300 NOVEMBER 2025 | D47: II | E47: DOING UNAUTHORIZED THINGS | F47: 20 | G47: No | H47: 45663 | I47: 45677 | J47: 40 | K47: 0 | L47: 40 | M47: =J47-L47-K47 -> 0 | N47: S. O. Nr 167 dtd 26 November 2025 | O47: SERVED
A48: 1CL | B48: MUNAR | C48: USING SMARTPHONE DURING OCS INSPECTION OA 14 1400H MAY 2025 | D48: II | E48: DOING UNAUTHORIZED THINGS | F48: 50 | G48: No | H48: 45795 | I48: 45975 | J48: 180 | K48: 0 | L48: 180 | M48: =J48-L48-K48 -> 0 | N48: S.O. Nr 052 dtd 18 May 2025 | O48: SERVED
A49: 1CL | B49: MUNAR | C49: UNACCOUNTED DURING CAMP FORMATION O/A 19 1600 OCTOBER 2025 | D49: II | E49: UNNACCOUNTED/ABSENT | F49: 30 | G49: No | H49: 45978 | I49: 45662 | J49: 65 | K49: 0 | L49: 65 | M49: =J49-L49-K49 -> 0 | N49: S. O. Nr 161 dtd 17 November 2025 | O49: SERVED
A50: 1CL | B50: ORSOLINO | C50: POSSESSING HEATGUN DURING OC'S INSPECTION O/A 17 2100 AUGUST 2025 | D50: III | E50: POSSESSING/USING UNAUTHORIZED ITEM | F50: 10 | G50: No | J50: 10 | K50: 0 | L50: 10 | M50: =J50-L50-K50 -> 0 | N50: S.O. Nr 121 dtd 19 September 2033 | O50: SERVED
A51: 1CL | B51: ORSOLINO | C51: UNACCOUNTED FROM MORNING MESS O/A 06 0630 OCTOBER 2025 | D51: III | E51: UNNACCOUNTED/ABSENT | F51: 10 | G51: No | J51: 10 | K51: 0 | L51: 10 | M51: =J51-L51-K51 -> 0 | N51: S. O. Nr 142 dtd 23 October 2025 | O51: SERVED
A52: 1CL | B52: PACAO | C52: ABSENT FROM NOON MESS FORMATION O/A 14 1205 JULY 2025 | D52: III | E52: UNNACCOUNTED/ABSENT | F52: 10 | G52: No | J52: 10 | K52: 0 | L52: 10 | M52: =J52-L52-K52 -> 0 | N52: S.O. Nr 107 dtd 8 September 2033 | O52: SERVED
A53: 1CL | B53: PACAO | C53: UNAUTHORIZED PRESENCE INSIDE BARRACKS DURING INTRAMURALS GAMES O/A 25 0990 SEPTEMBER 2025 | D53: III | E53: UNNACCOUNTED/ABSENT | F53: 11 | G53: No | J53: 13 | K53: 0 | L53: 13 | M53: =J53-L53-K53 -> 0 | N53: S. O. Nr 140 dtd 22 October 2025 | O53: SERVED
A54: 1CL | B54: RAMIREZ | C54: NON-SUBMISSION OF ASSIGNMENT IN AFS 332 O/A 09 1430 OCTOBER 2025 | D54: III | E54: NEGLIGENCE OF DUTY | F54: 8 | G54: No | J54: 8 | K54: 0 | L54: 8 | M54: =J54-L54-K54 -> 0 | N54: S. O. Nr 142 dtd 23 October 2025 | O54: SERVED
A55: 1CL | B55: ROSARIO | C55: NOT ATTENDING DUTY FOR NOON MESS O/A 13 1130H JULY 2025 | D55: II | E55: UNNACCOUNTED/ABSENT | F55: 30 | G55: No | H55: 45882 | I55: 45931 | J55: 65 | K55: 0 | L55: 65 | M55: =J55-L55-K55 -> 0 | N55: S.O. Nr 095 dtd 14 August 2025 | O55: SERVED
A56: 1CL | B56: ROSARIO | C56: NOT ATTENDING DUTY FOR NOON MESS O/A 13 1130H JULY 2025 | D56: II | E56: UNNACCOUNTED/ABSENT | F56: 30 | G56: No | H56: 45882 | I56: 45931 | J56: 65 | K56: 0 | L56: 65 | M56: =J56-L56-K56 -> 0 | N56: S.O. Nr 095 dtd 14 August 2025 | O56: SERVED
A57: 1CL | B57: ROSARIO | C57: UNACCOUNTED FROM 1ST PERIOD CLASS O/A 12 0770 SEPTEMBER 2025 | D57: II | E57: UNNACCOUNTED/ABSENT | F57: 20 | G57: No | H57: 45950 | I57: 45964 | J57: 40 | K57: 0 | L57: 40 | M57: =J57-L57-K57 -> 0 | N57: S.O Nr 138 dtd 20 October 2025 | O57: SERVED
A58: 1CL | B58: ROSARIO | C58: PLAYING GAMES DURING UNATHORIZED PERIOD O/A 20 2450 SEPTEMBER 2025 | D58: III | E58: DOING UNAUTHORIZED THINGS | F58: 19 | G58: No | J58: 39 | K58: 0 | L58: 39 | M58: =J58-L58-K58 -> 0 | N58: S. O. Nr 140 dtd 22 October 2025 | O58: SERVED
A59: 1CL | B59: ROSARIO | C59: UNAUTORIZED INSIDE BARRACKS THAT IS NOT ATTENDING DUTY BY HIDING UNDER BUNKS O/A 26 0705 OCTOBER 2025 | D59: II | E59: UNNACCOUNTED/ABSENT | F59: 30 | G59: Yes | H59: 45978 | I59: 45662 | J59: 65 | K59: 0 | L59: 65 | M59: =J59-L59-K59 -> 0 | N59: S. O. Nr 161 dtd 17 November 2025 | O59: SERVED
A60: 1CL | B60: ROSARIO | C60: PLAYING VIDEOGAMES AFTER TAPS ON OR ABOUT 25 JANUARY 2026 | D60: II | E60: DOING UNAUTHORIZED THINGS | F60: 20 | G60: Yes | H60: 46078 | I60: 46092 | J60: 40 | L60: 40 | M60: =J60-L60-K60 -> 0 | N60: S.O. Nr 35 dtd 26 February 2027 | O60: SERVED
A61: 1CL | B61: SALAZAR | C61: UNAUTHORIZED PRESENCE INSIDE BARRACKS THAT IS NOT ATTENDING RELIGIOUS SERVICE O/A 19 OCTOBER 2028 | D61: II | E61: UNNACCOUNTED/ABSENT | F61: 30 | G61: Yes | H61: 45978 | I61: 45662 | J61: 65 | K61: 0 | L61: 65 | M61: 0 | N61: S. O. Nr 161 dtd 17 November 2025 | O61: SERVED
A62: 1CL | B62: SALEM | C62: NOT ATTENDING DUTY FOR NOON MESS O/A 13 1130H JULY 2025 | D62: II | E62: UNNACCOUNTED/ABSENT | F62: 30 | G62: No | H62: 45882 | I62: 45931 | J62: 65 | K62: 2 | L62: 63 | M62: =J62-L62-K62 -> 0 | N62: S.O. Nr 095 dtd 14 August 2025 | O62: SERVED
A63: 1CL | B63: SALEM | C63: ACCESSING FACEBOOK DURING ECTQ O/A 07 1930 OCTOBER 2025 | D63: II | E63: DOING UNAUTHORIZED THINGS | F63: 20 | G63: No | H63: 45953 | I63: 45967 | J63: 40 | K63: 0 | L63: 40 | M63: 0 | N63: S. O. Nr 145 dtd 23 October 2025 | O63: SERVED
A64: 1CL | B64: SALEM | C64: AS A 3RD RELIEF SENTINEL 10 MINS LATE FROM POSTING O/A 24 0025 OCTOBER 2025 | D64: III | E64: LATE | F64: 13 | G64: No | J64: 19 | K64: 0 | L64: 19 | M64: =J64-L64-K64 -> 0 | N64: S. O. Nr 171 dtd 28 November 2025 | O64: SERVED
A65: 1CL | B65: SATURNINO | C65: MISPLACED BLUE SHEET O/A 25 2055 OCTOBER 2025 | D65: III | E65: CLEANLINESS OF ROOM | F65: 8 | G65: No | J65: 8 | K65: 0 | L65: 8 | M65: =J65-L65-K65 -> 0 | N65: S. O. Nr 171 dtd 28 November 2025 | O65: SERVED
A66: 1CL | B66: SOCIAS | C66: UNACCOUNTED FROM EVENING MESS FORMATION O/A 19 1630H JULY 2025 | D66: II | E66: UNNACCOUNTED/ABSENT | F66: 30 | G66: No | H66: 45903 | I66: 45952 | J66: 65 | K66: 10 | L66: 55 | M66: =J66-L66-K66 -> 0 | N66: S.O. Nr 103 dtd 03 September 2025 | O66: SERVED
A67: 1CL | B67: SOCIAS | C67: UNACCOUNTED DURING MORNING MESS 16 0450 NOVEMBER 2025 | D67: III | E67: UNNACCOUNTED/ABSENT | F67: 8 | G67: No | J67: 8 | L67: 8 | M67: =J67-L67-K67 -> 0 | N67: S. O. Nr 186 dtd 09 December 2025 | O67: SERVED
A68: 1CL | B68: SOGO-AN | C68: USING SMARTPHONE DURING OCS INSPECTION OA 14 1400H MAY 2025 | D68: II | E68: DOING UNAUTHORIZED THINGS | F68: 50 | G68: No | H68: 45795 | I68: 45975 | J68: 180 | K68: 0 | L68: 180 | M68: =J68-L68-K68 -> 0 | N68: S.O. Nr 052 dtd 18 May 2025 | O68: SERVED
A69: 1CL | B69: VILLANUEVA | C69: NOT ATTENDING DUTY FOR NOON MESS O/A 13 1130H JULY 2025 | D69: II | E69: UNNACCOUNTED/ABSENT | F69: 30 | G69: No | H69: 45887 | I69: 45936 | J69: 65 | K69: 10 | L69: 55 | M69: =J69-L69-K69 -> 0 | N69: S.O. Nr 097 dtd 19 August 2025 | O69: SERVED
A70: 2CL | B70: POQUITA | C70: UNAUTHORIZED POSSESSION OF SMARTPHONE DURING OC'S INSPECTION O/A 24 1140 JULY 2025 | D70: II | E70: POSSESSING/USING UNAUTHORIZED ITEM | F70: 50 | G70: Yes | H70: 45903 | I70: 46082 | J70: 180 | K70: 0 | L70: 180 | M70: =J70-L70-K70 -> 0 | N70: S.O. Nr 103 dtd 03 September 2025 | O70: SERVED
A71: 2CL | B71: POQUITA | C71: OFF LIMITS THAT IS GOING TO FEMALE HOLDING CENTER BARRACKS O/A 12 1330 OCTOBER 2025 | D71: III | E71: DOING UNAUTHORIZED THINGS | F71: 19 | G71: No | J71: 39 | K71: 0 | M71: =J71-L71-K71 -> 39 | N71: S. O. Nr 171 dtd 28 November 2025 | O71: SERVED
A72: 2CL | B72: AGUTAYA | C72: POSSESSING VAPE DURING AOC'S INSPECTION O/A 20 2300 FEBRUARY 2026 | D72: II | E72: POSSESSING/USING UNAUTHORIZED ITEM | F72: 30 | G72: Yes | H72: 46107 | I72: 46156 | J72: 65 | L72: 65 | M72: =J72-L72-K72 -> 0 | N72: S. O. Nr. 48 dtd 26 ,March 2026 | O72: SERVED
A73: 2CL | B73: DE GUZMAN | C73: POSSESSING VAPE ON OR ABOUT 28 2330 JANUARY 2026 | D73: II | E73: POSSESSING/USING UNAUTHORIZED ITEM | F73: 30 | G73: Yes | H73: 46078 | I73: 46127 | J73: 65 | L73: 65 | M73: =J73-L73-K73 -> 0 | N73: S.O. Nr 35 dtd 26 February 2030 | O73: SERVED
A74: 2CL | B74: GARCIA | C74: ACCESSING FACEBOOK AFTER TAPS O/A 20 2300 FEBRUARY 2026 | D74: III | E74: DOING UNAUTHORIZED THINGS | F74: 19 | G74: No | J74: 39 | L74: 39 | M74: =J74-L74-K74 -> 0 | N74: S. O. Nr 50 dtd 30 March 2026 | O74: SERVED
A75: 2CL | B75: MACAS | C75: POSSESSING VAPE DURING AOC'S INSPECTION O/A 20 2300 FEBRUARY 2026 | D75: II | E75: POSSESSING/USING UNAUTHORIZED ITEM | F75: 30 | G75: Yes | H75: 46107 | I75: 46156 | J75: 65 | L75: 65 | M75: =J75-L75-K75 -> 0 | N75: S. O. Nr. 48 dtd 26 ,March 2026 | O75: SERVED
A76: 2CL | B76: AGUTAYA | C76: UNAUTHORIZED PRESENCE INSIDE BARRACKS DURING INTRAMURALS GAMES O/A 25 0990 SEPTEMBER 2025 | D76: III | E76: UNNACCOUNTED/ABSENT | F76: 11 | G76: No | J76: 13 | K76: 0 | L76: 13 | M76: =J76-L76-K76 -> 0 | N76: S. O. Nr 140 dtd 22 October 2025 | O76: SERVED
A77: 2CL | B77: AGUTAYA | C77: 1 HOUR AND 30 MINS LATE FROM PUNISHMENT DUTY O/A 05 1300 OCTOBER 2025 | D77: II | E77: LATE | F77: 20 | G77: No | H77: 45953 | I77: 45967 | J77: 40 | K77: 0 | L77: 40 | M77: =J77-L77-K77 -> 0 | N77: S. O. Nr 145 dtd 23 October 2025 | O77: SERVED
A78: 2CL | B78: BAET | C78: ACCESSING UNAUTHORIZED WEBSITE HAT IS FACEBOOK DURING OC INSPECTION ON OR ABOUT 28 2240 JANUARY 2026 | D78: II | E78: DOING UNAUTHORIZED THINGS | F78: 20 | G78: Yes | H78: 46078 | I78: 46092 | J78: 40 | L78: 40 | M78: =J78-L78-K78 -> 0 | N78: S.O. Nr 35 dtd 26 February 2029 | O78: SERVED
A79: 2CL | B79: BAET | C79: VIDEO CALLING AFTER TAPS DURING AOC'S INSPECTION 0/A 20 2300 FEBRUARY 2026 | D79: III | E79: DOING UNAUTHORIZED THINGS | F79: 19 | G79: No | J79: 39 | L79: 39 | M79: =J79-L79-K79 -> 0 | N79: S. O. Nr 50 dtd 30 March 2026 | O79: SERVED
A80: 2CL | B80: AGUTAYA | C80: ACCESSING MANGA AFTER TAPS O/A 06 2250 JANUARY 2026 | D80: II | E80: DOING UNAUTHORIZED THINGS | F80: 20 | G80: Yes | H80: 46044 | I80: 46058 | J80: 40 | K80: 0 | L80: 40 | M80: =J80-L80-K80 -> 0 | N80: S.O. Nr. 16 dtd 23 JANUARY 2025 | O80: SERVED
A81: 2CL | B81: AVILA | C81: BROKEN FRONT SIGHT OA 13 JUNE 2025 | D81: III | E81: NEGLIGENCE OF DUTY | F81: 8 | G81: No | J81: 8 | K81: 0 | L81: 8 | M81: =J81-L81-K81 -> 0 | N81: S.O. Nr 086 dtd 21 July 2025 | O81: SERVED
A82: 2CL | B82: AVILA | C82: LATE FROM RELIGIOUS SERVICE OA 04 0640 MAY 2025 | D82: III | E82: LATE | F82: 8 | G82: No | J82: 8 | K82: 0 | L82: 8 | M82: =J82-L82-K82 -> 0 | N82: S.O. Nr 076 dtd 08 July 2025 | O82: SERVED
A83: 2CL | B83: BAET | C83: UNAUTHORIZED PRESENCE INSIDE BARRACKS DURING INTRAMURALS GAMES O/A 25 1330 SEPTEMBER 2025 | D83: III | E83: UNNACCOUNTED/ABSENT | F83: 11 | G83: No | J83: 13 | K83: 10 | L83: 3 | M83: =J83-L83-K83 -> 0 | N83: S. O. Nr 140 dtd 22 October 2025 | O83: SERVED
A84: 2CL | B84: BAET | C84: ACCESSING FACEBOOK AFTER TAPS THAT IS VIDEO CALLIN HIS GIRLFRIEND O/A 20 2300 JULY 2025 | D84: II | E84: DOING UNAUTHORIZED THINGS | F84: 20 | G84: No | H84: 45903 | I84: 45917 | J84: 40 | K84: 12 | L84: 29 | M84: =J84-L84-K84 -> -1 | N84: S.O. Nr 103 dtd 03 September 2025 | O84: SERVED
A85: 2CL | B85: BAET | C85: AS A CCQ ABANDONING POST WHILE LETTING HIS ACCQ UTILIZE THE SINK O/A 28 0950 OCTOBER 2025 | D85: III | E85: NEGLIGENCE OF DUTY | F85: 11 | G85: No | J85: 13 | K85: 0 | L85: 13 | M85: =J85-L85-K85 -> 0 | N85: S. O. Nr 178 dtd 28 November 2025 | O85: SERVED
A86: 2CL | B86: BAET | C86: AS A CCQ, ABANDONING HIS POST THAT IS SLEEPING O/A 10 0730 JANUARY 2026 | D86: II | E86: NEGLIGENCE OF DUTY | F86: 20 | G86: Yes | H86: 46044 | I86: 46058 | J86: 40 | K86: 0 | L86: 40 | M86: =J86-L86-K86 -> 0 | N86: S.O. Nr. 16 dtd 23 JANUARY 2025 | O86: SERVED
A87: 2CL | B87: BERCASIO | C87: 6 MIN LATE FROM TERMINATION ON PRIVILEGE O/A 21 1906 SEPTEMBER 2025 | D87: III | E87: LATE | F87: 9 | G87: No | J87: 9 | K87: 0 | L87: 9 | M87: =J87-L87-K87 -> 0 | N87: S. O. Nr 140 dtd 22 October 2025 | O87: SERVED
A88: 2CL | B88: CARONAN | C88: LOST SING OF M16 RIFLE OA 04 MAY 2025 | D88: III | E88: NEGLIGENCE OF DUTY | F88: 10 | G88: No | J88: 10 | K88: 0 | L88: 10 | M88: =J88-L88-K88 -> 0 | N88: S.O. Nr 084 dtd 18 JULY 2025 | O88: SERVED
A89: 2CL | B89: CARONAN | C89: AS A GUARD SLEEPING AT THE CADET-IN-CHARGE OF QUARTERS STATION O/A 12 1445 AUGUST 2025 | D89: III | E89: NEGLIGENCE OF DUTY | F89: 10 | G89: No | J89: 10 | K89: 0 | L89: 10 | M89: =J89-L89-K89 -> 0 | N89: S.O. Nr 122 dtd 19 September 2033 | O89: SERVED
A90: 2CL | B90: CASTRO | C90: LOST RETAINING PIN FIRING PIN OA 04 MAY 2025 | D90: III | E90: NEGLIGENCE OF DUTY | F90: 10 | G90: No | J90: 10 | K90: 0 | L90: 10 | M90: =J90-L90-K90 -> 0 | N90: S.O. Nr 084 dtd 18 JULY 2025 | O90: SERVED
A91: 2CL | B91: CASTRO | C91: LOST RETAINING PIN FIRING PIN OA 04 MAY 2025 | D91: III | E91: NEGLIGENCE OF DUTY | F91: 10 | G91: No | J91: 10 | K91: 0 | L91: 10 | M91: =J91-L91-K91 -> 0 | N91: S.O. Nr 084 dtd 18 JULY 2025 | O91: SERVED
A92: 2CL | B92: CUDIAMAT | C92: NOT ATTENDING RELIGIOUS SERVICE O/A 14 0730 SEPTEMBER 2025 | D92: II | E92: UNNACCOUNTED/ABSENT | F92: 20 | G92: No | H92: 45951 | I92: 45964 | J92: 40 | K92: 0 | L92: 40 | M92: =J92-L92-K92 -> 0 | N92: S.O Nr 138 dtd 20 October 2026 | O92: SERVED
A93: 2CL | B93: CUDIAMAT | C93: AS A RESPONSIBLE 3CL CADET, NOT SERVING AS A ROLE MODEL OF 4CL CADET THAT IS HORSE PLAYING IN FRONT OF ARCIAGA AVE WHILE IN FORMATION O/A 02 1010 OCTOBER 2025 | D93: III | E93: DOING UNAUTHORIZED THINGS | F93: 14 | G93: No | J93: 22 | K93: 0 | L93: 22 | M93: =J93-L93-K93 -> 0 | N93: S. O. Nr 140 dtd 22 October 2025 | O93: SERVED
A94: 2CL | B94: CUDIAMAT | C94: VIDEOCALLING WITH HIS GORLFRIEND AFTER TAPS O/A 06 2250 JANUARY 2026 | D94: II | E94: DOING UNAUTHORIZED THINGS | F94: 20 | G94: Yes | H94: 46044 | I94: 46058 | J94: 40 | K94: 0 | L94: 40 | M94: =J94-L94-K94 -> 0 | N94: S.O. Nr. 16 dtd 23 JANUARY 2025 | O94: SERVED
A95: 2CL | B95: DE GUZMAN | C95: RECIDIVISM THAT IS NOT SUBMITTING 4 GPS IN MAT231 AS OF 10 JULY 2025 RESULTING IN UNDESIRABLE HABIT | D95: III | E95: NEGLIGENCE OF DUTY | F95: 8 | G95: No | J95: 8 | K95: 0 | L95: 8 | M95: =J95-L95-K95 -> 0 | N95: S.O. Nr 122 dtd 19 September 2033 | O95: SERVED
A96: 2CL | B96: DE GUZMAN | C96: RECIDIVISM THAT IS NOT SUBMITTING 4 GPS IN MAT231 AS OF 10 JULY 2025 RESULTING IN UNDESIRABLE HABIT | D96: III | E96: NEGLIGENCE OF DUTY | F96: 8 | G96: No | J96: 8 | K96: 0 | L96: 8 | M96: =J96-L96-K96 -> 0 | N96: S.O. Nr 122 dtd 19 September 2033 | O96: SERVED
A97: 2CL | B97: DE VENANCIO | C97: NOT ATTENDING RELIGIOUS SERVICE O/A 14 0730 SEPTEMBER 2025 | D97: II | E97: UNNACCOUNTED/ABSENT | F97: 20 | G97: No | H97: 45950 | I97: 45964 | J97: 40 | K97: 10 | L97: 30 | M97: =J97-L97-K97 -> 0 | N97: S. O. Nr 140 dtd 22 October 2025 | O97: SERVED
A98: 2CL | B98: DELA PENA | C98: NOT SIGNING ON THE COY DEPARTURE BOOK AFTER BREAK OA 27 MAY 2025 | D98: III | E98: NEGLIGENCE OF DUTY | F98: 8 | G98: No | J98: 8 | K98: 0 | L98: 8 | M98: =J98-L98-K98 -> 0 | N98: S.O. Nr 086 dtd 21 July 2025 | O98: SERVED
A99: 2CL | B99: DELA PENA | C99: AS A RESPONSIBLE 3CL CADET, NOT SERVING AS A ROLE MODEL OF 4CL CADET THAT IS HORSE PLAYING IN FRONT OF ARCIAGA AVE WHILE IN FORMATION O/A 02 1010 OCTOBER 2025 | D99: III | E99: DOING UNAUTHORIZED THINGS | F99: 14 | G99: No | J99: 22 | K99: 0 | L99: 22 | M99: =J99-L99-K99 -> 0 | N99: S. O. Nr 140 dtd 22 October 2025 | O99: SERVED
A100: 2CL | B100: GARCIA | C100: CONDUCTING PUNISHMENT INSIDE ROOM ON OR ABOUT 27 0700 JANUARY 2026 | D100: III | E100: DOING UNAUTHORIZED THINGS | F100: 19 | G100: No | J100: 39 | L100: 39 | M100: =J100-L100-K100 -> 0 | N100: S.O. Nr 43 dtd 11 March 2026 | O100: SERVED
A101: 2CL | B101: FORBES | C101: UNAUTHORIZED PRESENCE INSIDE BARRACKS DURING INTRAMURALS GAMES O/A 25 0990 SEPTEMBER 2025 | D101: III | E101: UNNACCOUNTED/ABSENT | F101: 11 | G101: No | J101: 13 | K101: 0 | L101: 13 | M101: =J101-L101-K101 -> 0 | N101: S. O. Nr 140 dtd 22 October 2025 | O101: SERVED
A102: 2CL | B102: FORBES | C102: UNAUTHORIZED INSIDE BARRACKS O/A 14 0730 OCTOBER 2025 | D102: II | E102: DOING UNAUTHORIZED THINGS | F102: 30 | G102: Yes | H102: 45978 | I102: 45662 | J102: 65 | K102: 0 | L102: 65 | M102: =J102-L102-K102 -> 0 | N102: S. O. Nr 162 dtd 17 November 2025 | O102: SERVED
A103: 2CL | B103: GARCIA | C103: UNACCOUNTED DURING CORPS ATHLETIC PERIOD O/A 03 1600 JULY 2025 | D103: III | E103: UNNACCOUNTED/ABSENT | F103: 8 | G103: No | J103: 8 | K103: 0 | L103: 8 | M103: =J103-L103-K103 -> 0 | N103: S.O. Nr 107 dtd 8 September 2030 | O103: SERVED
A104: 2CL | B104: GARCIA | C104: UNACCOUNTED DURING 3CL FATIGUE DUTY FORMATION O/A 06 1030 JULY 2025 | D104: III | E104: UNNACCOUNTED/ABSENT | F104: 9 | G104: No | J104: 9 | K104: 0 | L104: 9 | M104: =J104-L104-K104 -> 0 | N104: S.O. Nr 107 dtd 8 September 2031 | O104: SERVED
A105: 2CL | B105: GARCIA | C105: UNACCOUNTED DURING CORPS ATHLETIC PERIOD O/A 03 1600 JULY 2025 | D105: III | E105: UNNACCOUNTED/ABSENT | F105: 8 | G105: No | J105: 8 | K105: 0 | L105: 8 | M105: =J105-L105-K105 -> 0 | N105: S.O. Nr 107 dtd 8 September 2030 | O105: SERVED
...

Sheet FOXTROT
A1: FOXTROT COMPANY PUNISHMENT MONITORING LIST
A2: F/SGT: CDT 2CL FIDER
A3: UPDATED AS OF : | E3: 46146
A4: NOTED BY: CDT SGT MAJ 2CL FIONA LISA C DEMARAYE 'H' Co CCAFP
A5: ACTIVE PUNISHMENTS
A6: NO | B6: RANK | C6: LAST NAME | D6: OFFENSE | E6: CLASS | F6: NATURE OF OFFENSE | G6: DEMERITS | H6: CONFINEMENT | K6: TOURING HOURS | O6: REFERENCE | P6: REMARKS
H7: CONFINED? | I7: START | J7: END | K7: TOTAL | L7: CONVERTED | M7: SERVED | N7: REMAINING
A10: 1 | B10: 2CL | C10: ALMINE | D10: LYING WITH ANOTHER CADET O/A 21 1050H JANUARY 2026 | E10: III | F10: DOING UNAUTHORIZED THINGS | G10: 10 | H10: No | K10: 10 | L10: 0 | M10: 0 | N10: =K10-L10-M10 -> 10 | O10: S.O Nr 35 dtd 26 FEBRUARY 2026 | P10: ONGOING
A11: SERVED PUNISHMENTS
B12: 1CL | C12: ABGAO | D12: NOT ACTING AS A CLASS SUPERVISOR DURING 5TH PERIOD CLASS O/A 07 1420H OCTOBER 2025 | E12: III | F12: DOING UNAUTHORIZED THINGS | G12: 10 | H12: No | K12: 10 | L12: 0 | M12: 10 | N12: 0 | O12: S.O. Nr 143 dtd 23 OCTOBER 2025 | P12: SERVED
B13: 1CL | C13: ABGAO | D13: USING CELLPHONE DURING UNAUTHORIZED PERIOD THAT IS PLAYING MUSIC ON SPOTIFY O/A 19 1250H NOVEMBER 2025 | E13: III | F13: DOING UNAUTHORIZED THINGS | G13: 19 | H13: No | K13: 39 | L13: 0 | M13: 39 | N13: 0 | O13: S.O. Nr. 186 dtd 09 DECEMBER 2025 | P13: SERVED
B14: 1CL | C14: AGYOD | D14: ABSENT FROM CORPS ATHLETIC PERIOD O/A 27 1600H JULY 2025 | E14: III | F14: UNNACCOUNTED/ABSENT | G14: 10 | H14: No | K14: 10 | L14: 0 | M14: 10 | N14: =K14-L14-M14 -> 0 | O14: S.O. Nr 108 dtd 09 SEPTEMBER 2025 | P14: SERVED
B15: 1CL | C15: AGYOD | D15: NOT ACTING AS A CLASS SUPERVISOR DURING 5TH PERIOD CLASS O/A 07 1420H OCTOBER 2025 | E15: III | F15: DOING UNAUTHORIZED THINGS | G15: 10 | H15: No | K15: 10 | L15: 0 | M15: 10 | N15: 0 | O15: S.O. Nr 143 dtd 23 OCTOBER 2025 | P15: SERVED
B16: 1CL | C16: AGYOD | D16: NOT ATTENDING 3/4 ATHLETIC PERIOD O/A 29 1600H JULY 2025 | E16: III | F16: UNNACCOUNTED/ABSENT | G16: 10 | H16: No | K16: 10 | L16: 0 | M16: 10 | N16: =K16-L16-M16 -> 0 | O16: S.O. Nr 108 dtd 09 SEPTEMBER 2025 | P16: SERVED
B17: 1CL | C17: ALMEDA | D17: GOING OFF-LIMITS THAT IS EATING SNACKS AT THE PDL STORE O/A 05 1745H NOVEMBER 2025 | E17: III | F17: DOING UNAUTHORIZED THINGS | G17: 10 | H17: No | K17: 10 | L17: 0 | M17: 10 | N17: 0 | O17: S.O. Nr 179 dtd 01 DECEMBER 2025 | P17: SERVED
B18: 1CL | C18: ANAPI | D18: NOT ATTENDING 3/4 ATHLETIC PERIOD O/A 29 1600H JULY 2025 | E18: III | F18: UNNACCOUNTED/ABSENT | G18: 10 | H18: No | K18: 10 | L18: 0 | M18: 10 | N18: =K18-L18-M18 -> 0 | O18: S.O. Nr 108 dtd 09 SEPTEMBER 2025 | P18: SERVED
B19: 1CL | C19: ANAPI | D19: ABSENT FROM CORPS ATHLETIC PERIOD O/A 27 1600H JULY 2025 | E19: III | F19: UNNACCOUNTED/ABSENT | G19: 10 | H19: No | K19: 10 | L19: 0 | M19: 10 | N19: =K19-L19-M19 -> 0 | O19: S.O. Nr 108 dtd 09 SEPTEMBER 2025 | P19: SERVED
B20: 1CL | C20: ANDOT | D20: ABSENT FROM CORPS ROAD RUN FORMATION OA 27 1500 MAY 2025 | E20: III | F20: UNNACCOUNTED/ABSENT | G20: 8 | H20: No | K20: 8 | L20: 0 | M20: 8 | N20: =sum(K20,-L52, -M20, ) -> 0 | O20: SO Nr 063 dtd 11 Jun 2025 | P20: SERVED
B21: 1CL | C21: ARNEJO | D21: UNACCOUNTED DURING MORNING MESS FORMATION OA 16 0545 JUNE 2025 | E21: III | F21: LATE | G21: 10 | H21: No | K21: 10 | L21: 0 | M21: 10 | N21: =sum(K21,-L68, -M21, ) -> 0 | O21: S.O. Nr 083 dtd 18 JULY 2025 | P21: SERVED
B22: 1CL | C22: ARNEJO | D22: ACCESSING FACEBOOK O/A 03 1057H SEPTEMBER 2025 | E22: II | F22: DOING UNAUTHORIZED THINGS | G22: 20 | H22: No | I22: 45911 | J22: 45925 | K22: 40 | L22: 0 | M22: 40 | N22: =K22-L22-M22 -> 0 | O22: S.O. Nr 113 dtd 16 SEPTEMBER 2025 | P22: SERVED
B23: 1CL | C23: ARNEJO | D23: USING SMARTPHONE AFTER TAPS O/A 21 2250H NOVEMBER 2025 | E23: III | F23: DOING UNAUTHORIZED THINGS | G23: 10 | H23: No | K23: 10 | L23: 0 | M23: 10 | N23: 0 | O23: S.O. Nr. 186 dtd 09 DECEMBER 2025 | P23: SERVED
B24: 1CL | C24: ASUNCION | D24: ABSENT FROM CORPS ATHLETIC PERIOD O/A 27 1600H JULY 2025 | E24: III | F24: UNNACCOUNTED/ABSENT | G24: 10 | H24: No | K24: 10 | L24: 0 | M24: 10 | N24: =K24-L24-M24 -> 0 | O24: S.O. Nr 108 dtd 09 SEPTEMBER 2025 | P24: SERVED
B25: 1CL | C25: ASUNCION | D25: NOT ACTING AS A CLASS SUPERVISOR DURING 5TH PERIOD CLASS O/A 07 1420H OCTOBER 2025 | E25: III | F25: DOING UNAUTHORIZED THINGS | G25: 10 | H25: No | K25: 10 | L25: 0 | M25: 10 | N25: 0 | O25: S.O. Nr 143 dtd 23 OCTOBER 2025 | P25: SERVED
B26: 1CL | C26: BOADILLA | D26: ABUSING HIS PRIVILEGE TO USE HIS SMARTPHONE THAT IS VIDEO CALLING HIS FRIEND DURING AOC's INSPECTION O/A 22 2340 JANUARY 2026 | E26: II | F26: DOING UNAUTHORIZED THINGS | G26: 20 | H26: No | I26: 46055 | J26: 46069 | K26: 40 | L26: 0 | M26: 40 | N26: =K26-L26-M26 -> 0 | O26: S.O. Nr 21 dtd 04 February 2026 | P26: SERVED
B27: 1CL | C27: CADIENTE | D27: LYING WITH ANOTHER CADET AFTER TAPS O/A 23 2245H OCTOBER 2025 | E27: III | F27: DOING UNAUTHORIZED THINGS | G27: 12 | H27: No | K27: 16 | L27: 0 | M27: 16 | N27: 0 | O27: S.O. Nr 157 dtd 12 NOVEMBER 2025 | P27: SERVED
B28: 1CL | C28: CHAVEZ | D28: NOT ACTING AS A CLASS SUPERVISOR DURING 5TH PERIOD CLASS O/A 07 1420H OCTOBER 2025 | E28: III | F28: DOING UNAUTHORIZED THINGS | G28: 10 | H28: No | K28: 10 | L28: 0 | M28: 10 | N28: =K28-L28-M28 -> 0 | O28: S.O. Nr 143 dtd 23 OCTOBER 2025 | P28: SERVED
B29: 1CL | C29: CHAVEZ | D29: ABSENT FROM CORPS ATHLETIC PERIOD O/A 27 1600H JULY 2025 | E29: III | F29: UNNACCOUNTED/ABSENT | G29: 10 | H29: No | K29: 10 | L29: 0 | M29: 10 | N29: 0 | O29: S.O. Nr 108 dtd 09 SEPTEMBER 2025 | P29: SERVED
B30: 1CL | C30: CHAVEZ | D30: ABSENT FROM CORPS ROAD RUN O/A 03 0400H NOVEMBER 2025 | E30: III | F30: UNNACCOUNTED/ABSENT | G30: 8 | H30: No | K30: 8 | L30: 0 | M30: 8 | N30: 0 | O30: S.O. Nr 179 dtd 01 DECEMBER 2025 | P30: SERVED
B31: 1CL | C31: CHAVEZ | D31: PLAYING COMPUTER GAMES AFTER TAPS O/A 28 2215H JULY 2025 | E31: II | F31: DOING UNAUTHORIZED THINGS | G31: 20 | H31: No | I31: 45883 | J31: 45897 | K31: 40 | L31: 0 | M31: 40 | N31: 0 | O31: S.O. Nr 097 dtd 19 AUGUST 2025 | P31: SERVED
B32: 1CL | C32: CHAVEZ | D32: LATE FROM RELIGIOUS SPIRITUAL ENHANCEMENT FORMATION O/A 09 0640H NOVEMBER 2025 | E32: III | F32: LATE | G32: 8 | H32: No | K32: 8 | L32: 0 | M32: 8 | N32: 0 | O32: S.O. Nr. 186 dtd 09 DECEMBER 2025 | P32: SERVED
B33: 1CL | C33: CONSOLACION | D33: WATCHING YOUTUBE DURING UNAUTHORIZED PERIOD O/A 19 1250H NOVEMBER 2025 | E33: II | F33: DOING UNAUTHORIZED THINGS | G33: 20 | H33: No | I33: 45987 | J33: 46001 | K33: 40 | L33: 0 | M33: 34 | N33: 0 | O33: S.O. Nr 167 dtd 26 NOVEMBER 2025 | P33: SERVED
B34: 1CL | C34: CONSOLACION | D34: NOT ACTING AS A CLASS SUPERVISOR DURING 5TH PERIOD CLASS O/A 07 1420H OCTOBER 2025 | E34: III | F34: DOING UNAUTHORIZED THINGS | G34: 10 | H34: No | K34: 10 | L34: 0 | M34: 10 | N34: 0 | O34: S.O. Nr 143 dtd 23 OCTOBER 2025 | P34: SERVED
B35: 1CL | C35: CONSOLACION | D35: ACCESSING YOUTUBE O/A 21 1050 JANUARY 2026 | E35: II | F35: DOING UNAUTHORIZED THINGS | G35: 20 | H35: No | I35: 46055 | J35: 46069 | K35: 40 | L35: 0 | M35: 40 | N35: =K35-L35-M35 -> 0 | O35: S.O. Nr 21 dtd 04 February 2026 | P35: SERVED
B36: 1CL | C36: DALUYEN | D36: UNACCOUNTED DURING MORNING MESS FORMATION O/A 23 0600H JULY 2025 | E36: III | F36: UNNACCOUNTED/ABSENT | G36: 10 | H36: No | K36: 10 | L36: 0 | M36: 10 | N36: =K36-L36-M36 -> 0 | O36: S.O. Nr 113 dtd 16 SEPTEMBER 2025 | P36: SERVED
B37: 1CL | C37: DALUYEN | D37: NOT FOLLOWING SPECIFIC INSTRUCTIONS THAT IS TO LOGIN PHONE BEFORE BARRACKS INSPECTION O/A 18 0750H OCTOBER 2025 | E37: III | F37: DOING UNAUTHORIZED THINGS | G37: 8 | H37: No | K37: 8 | L37: 0 | M37: 8 | N37: 0 | O37: S.O. Nr 143 dtd 23 OCTOBER 2025 | P37: SERVED
B38: 1CL | C38: DALUYEN | D38: NOT ATTENDING 3/4 BN ATHLETIC PERIOD O/A 29 1600H JULY 2025 | E38: II | F38: UNNACCOUNTED/ABSENT | G38: 20 | H38: No | I38: 45883 | J38: 45897 | K38: 40 | L38: 0 | M38: 40 | N38: =sum(K38,-L124, -M38, ) -> 0 | O38: S.O. Nr 097 dtd 19 AUGUST 2025 | P38: SERVED
B39: 1CL | C39: FERREIRA | D39: ABSENT FROM CORPS ATHLETIC PERIOD O/A 27 1600H JULY 2025 | E39: II | F39: UNNACCOUNTED/ABSENT | G39: 20 | H39: No | I39: 45883 | J39: 45897 | K39: 40 | L39: 0 | M39: 40 | N39: =sum(K39,-L107, -M39, ) -> 0 | O39: S.O. Nr 097 dtd 19 AUGUST 2025 | P39: SERVED
B40: 1CL | C40: FERREIRA | D40: NOT FOLLOWING SPECIFIC INSTRUCTIONS THAT IS TO LOGIN PHONE BEFORE BARRACKS INSPECTION O/A 18 0750H OCTOBER 2025 | E40: III | F40: DOING UNAUTHORIZED THINGS | G40: 8 | H40: No | K40: 8 | L40: 0 | M40: 8 | N40: 0 | O40: S.O. Nr 143 dtd 23 OCTOBER 2025 | P40: SERVED
B41: 1CL | C41: FERREIRA | D41: GOING OFF-LIMITS THAT IS EATING SNACKS AT THE PDL STORE O/A 05 1745H NOVEMBER 2025 | E41: III | F41: DOING UNAUTHORIZED THINGS | G41: 10 | H41: No | K41: 10 | L41: 0 | M41: 10 | N41: 0 | O41: S.O. Nr 179 dtd 01 DECEMBER 2025 | P41: SERVED
B42: 1CL | C42: GARCERON | D42: NOT ACTING AS A CLASS SUPERVISOR DURING 5TH PERIOD CLASS O/A 07 1420H OCTOBER 2025 | E42: III | F42: DOING UNAUTHORIZED THINGS | G42: 10 | H42: No | K42: 10 | L42: 0 | M42: 10 | N42: 0 | O42: S.O. Nr 143 dtd 23 OCTOBER 2025 | P42: SERVED
B43: 1CL | C43: JALLORINA | D43: NOT ATTENDING 3/4 ATHLETIC PERIOD O/A 29 1600H JULY 2025 | E43: III | F43: UNNACCOUNTED/ABSENT | G43: 10 | H43: No | K43: 10 | L43: 0 | M43: 10 | N43: =K43-L43-M43 -> 0 | O43: S.O. Nr 108 dtd 09 SEPTEMBER 2025 | P43: SERVED
B44: 1CL | C44: JALLORINA | D44: LATE FROM MORNING MESS FORMATION O/A 05 0600H NOVEMBER 2025 | E44: III | F44: LATE | G44: 8 | H44: No | K44: 8 | L44: 0 | M44: 8 | N44: 0 | O44: S.O. Nr. 186 dtd 09 DECEMBER 2025 | P44: SERVED
B45: 1CL | C45: JALLORINA | D45: NOT FOLLOWING SPECEFIC INSTRUCTIONS THAT IS NOT TO GO BACK TO BARRACKS AFTER ANY GAMES O/A 25 1435 SEPTEMBER 2025 | E45: III | F45: DOING UNAUTHORIZED THINGS | G45: 10 | H45: No | K45: 10 | L45: 0 | M45: 10 | N45: 0 | O45: S.O. Nr 133 dtd 16 OCTOBER 2025 | P45: SERVED
B46: 1CL | C46: MASMODI | D46: LETTING HER MALE SQUADMATE MASSAGE HER BACK O/A 23 1800H JULY 2025 | E46: III | F46: DOING UNAUTHORIZED THINGS | G46: 19 | H46: No | K46: 39 | L46: 0 | M46: 39 | N46: =K46-L46-M46 -> 0 | O46: S.O. Nr 108 dtd 09 SEPTEMBER 2025 | P46: SERVED
B47: 1CL | C47: MASMODI | D47: UNACCOUNTED DURING NOON MESS FORMATION O/A 11 1200H OCTOBER 2025 | E47: III | F47: UNNACCOUNTED/ABSENT | G47: 8 | H47: No | K47: 8 | L47: 0 | M47: 8 | N47: =K47-L47-M47 -> 0 | O47: S.O. Nr 143 dtd 23 OCTOBER 2025 | P47: SERVED
B48: 1CL | C48: MASMODI | D48: NOT FOLLOWING SPECIFIC INSTRUCTIONS THAT IS TO LOGIN PHONE BEFORE BARRACKS INSPECTION O/A 18 0800H OCTOBER 2025 | E48: III | F48: DOING UNAUTHORIZED THINGS | G48: 8 | H48: No | K48: 8 | L48: 0 | M48: 8 | N48: 0 | O48: S.O. Nr 143 dtd 23 OCTOBER 2025 | P48: SERVED
B49: 1CL | C49: NEGOSA | D49: ABSENT FROM CORPS ATHLETIC PERIOD O/A 27 1600H JULY 2025 | E49: III | F49: UNNACCOUNTED/ABSENT | G49: 10 | H49: No | K49: 10 | L49: 0 | M49: 10 | N49: =K49-L49-M49 -> 0 | O49: S.O. Nr 108 dtd 09 SEPTEMBER 2025 | P49: SERVED
B50: 1CL | C50: NEGOSA | D50: NOT ATTENDING 3/4 ATHLETIC PERIOD O/A 29 1600H JULY 2025 | E50: III | F50: UNNACCOUNTED/ABSENT | G50: 10 | H50: No | K50: 10 | L50: 0 | M50: 10 | N50: =K50-L50-M50 -> 0 | O50: S.O. Nr 108 dtd 09 SEPTEMBER 2025 | P50: SERVED
B51: 1CL | C51: NEGOSA | D51: UNAUTHORIZED PRESENCE INSIDE BARRACKS THAT IS NOT ATTENDING MORNING MESS O/A 28 0550H SEPTEMBER 2025 | E51: II | F51: UNNACCOUNTED/ABSENT | G51: 20 | H51: No | I51: 45950 | J51: 45964 | K51: 40 | L51: 0 | M51: 40 | N51: =K51-L51-M51 -> 0 | O51: S.O. Nr 137 dtd 20 OCTOBER 2025 | P51: SERVED
B52: 1CL | C52: PASCUA | D52: ABSENT FROM CORPS ROAD RUN FORMATION OA 27 1500 MAY 2026 | E52: III | F52: UNNACCOUNTED/ABSENT | G52: 8 | H52: No | K52: 8 | L52: 0 | M52: 8 | N52: =sum(K52,-L139, -M52, ) -> 0 | O52: SO Nr 063 dtd 11 Jun 2026 | P52: SERVED
B53: 1CL | C53: PASCUA | D53: UNACCOUNTED DURING NAVY NIGHT FORMATION O/A 07 1700H OCTOBER 2025 | E53: III | F53: UNNACCOUNTED/ABSENT | G53: 10 | H53: No | K53: 10 | L53: 0 | M53: 10 | N53: 0 | O53: S.O. Nr 157 dtd 12 NOVEMBER 2025 | P53: SERVED
B54: 1CL | C54: PUDAY | D54: UNACCOUNTED DURING NOON MESS O/A 18 1140H OCTOBER 2025 | E54: III | F54: UNNACCOUNTED/ABSENT | G54: 10 | H54: No | K54: 10 | L54: 0 | M54: 10 | N54: 0 | O54: S.O. Nr 157 dtd 12 NOVEMBER 2025 | P54: SERVED
B55: 1CL | C55: PUDAY | D55: UNACCOUNTED DURING ATHLETIC PERIOD O/A 16 1600H JULY 2025 | E55: III | F55: UNNACCOUNTED/ABSENT | G55: 10 | H55: No | K55: 10 | L55: 0 | M55: 10 | N55: =K55-L55-M55 -> 0 | O55: S.O. Nr 108 dtd 09 SEPTEMBER 2025 | P55: SERVED
B56: 1CL | C56: PUDAY | D56: GOING ON OFFLIMITS THAT IS PASSING THROUGH THE FIRE EXIT OF THE HOLDING CENTER BARRACKS OA 15 1927 AUGUST 2025 | E56: III | F56: DOING UNAUTHORIZED THINGS | G56: 19 | H56: No | K56: 39 | L56: 0 | M56: 39 | N56: 0 | O56: S.O. Nr 133 dtd 16 OCTOBER 2025 | P56: SERVED
B57: 1CL | C57: SABANDO | D57: NOT FOLLOWING SPECIFIC INSTRUCTIONS THAT IS TO LOGIN PHONE BEFORE BARRACKS INSPECTION O/A 18 0800H OCTOBER 2025 | E57: III | F57: DOING UNAUTHORIZED THINGS | G57: 8 | H57: No | K57: 8 | L57: 0 | M57: 8 | N57: 0 | O57: S.O. Nr 143 dtd 23 OCTOBER 2025 | P57: SERVED
B58: 1CL | C58: SABANDO | D58: UNACCOUNTED DURING NOON MESS FORMATION O/A 11 1200H OCTOBER 2025 | E58: III | F58: UNNACCOUNTED/ABSENT | G58: 8 | H58: No | K58: 8 | L58: 0 | M58: 8 | N58: =K58-L58-M58 -> 0 | O58: S.O. Nr 143 dtd 23 OCTOBER 2025 | P58: SERVED
B59: 1CL | C59: SABANDO | D59: GOING OFF-LIMITS THAT IS EATING SNACKS AT THE PDL STORE O/A 05 1745H NOVEMBER 2025 | E59: III | F59: DOING UNAUTHORIZED THINGS | G59: 10 | H59: No | K59: 10 | L59: 0 | M59: 10 | N59: 0 | O59: S.O. Nr 179 dtd 01 DECEMBER 2025 | P59: SERVED
B60: 1CL | C60: SORITA | D60: USING PHONE IN MASIKHAY VIEWDECK O/A 18 1815H AUGUST 2025 | E60: II | F60: DOING UNAUTHORIZED THINGS | G60: 20 | H60: No | I60: 45903 | J60: 45917 | K60: 40 | L60: 0 | M60: 40 | N60: =K60-L60-M60 -> 0 | O60: S.O. Nr 104 dtd 03 SEPTEMBER 2025 | P60: SERVED
B61: 1CL | C61: SORITA | D61: VAPING DURING TAC-O'S INSPECTION O/A 03 1020H SEPTEMBER 2025 | E61: II | F61: POSSESSING/USING UNAUTHORIZED ITEM | G61: 30 | H61: No | I61: 45911 | J61: 45960 | K61: 65 | L61: 0 | M61: 65 | N61: 0 | O61: S.O. Nr 113 dtd 16 SEPTEMBER 2025 | P61: SERVED
B62: 1CL | C62: SORITA | D62: NOT ACTING AS A CLASS SUPERVISOR DURING 5TH PERIOD CLASS O/A 07 1420H OCTOBER 2025 | E62: III | F62: DOING UNAUTHORIZED THINGS | G62: 10 | H62: No | K62: 10 | L62: 0 | M62: 10 | N62: =K62-L62-M62 -> 0 | O62: S.O. Nr 143 dtd 23 OCTOBER 2025 | P62: SERVED
B63: 1CL | C63: TAMIAO | D63: NOT ATTENDING 3/4 ATHLETIC PERIOD O/A 29 1600H JULY 2025 | E63: III | F63: UNNACCOUNTED/ABSENT | G63: 10 | H63: No | K63: 10 | L63: 0 | M63: 10 | N63: =K63-L63-M63 -> 0 | O63: S.O. Nr 108 dtd 09 SEPTEMBER 2025 | P63: SERVED
B64: 1CL | C64: TAMIAO | D64: NOT FOLLOWING SPECEFIC INSTRUCTIONS THAT IS NOT TO GO BACK TO BARRACKS AFTER ANY GAMES O/A 25 1435 SEPTEMBER 2025 | E64: III | F64: DOING UNAUTHORIZED THINGS | G64: 10 | H64: No | K64: 10 | L64: 0 | M64: 10 | N64: 0 | O64: S.O. Nr 133 dtd 16 OCTOBER 2025 | P64: SERVED
B65: 1CL | C65: TAMIAO | D65: WATCHING YOUTUBE AFTER TAPS O/A 04 2335H NOVEMBER 2025 | E65: III | F65: DOING UNAUTHORIZED THINGS | G65: 10 | H65: No | K65: 10 | L65: 0 | M65: 10 | N65: 0 | O65: S.O. Nr 179 dtd 01 DECEMBER 2025 | P65: SERVED
B66: 1CL | C66: TAMIAO | D66: ABSENT FROM CORPS ATHLETIC PERIOD O/A 27 1600H JULY 2025 | E66: III | F66: UNNACCOUNTED/ABSENT | G66: 10 | H66: No | K66: 10 | L66: 0 | M66: 10 | N66: =K66-L66-M66 -> 0 | O66: S.O. Nr 113 dtd 16 SEPTEMBER 2025 | P66: SERVED
B67: 1CL | C67: TAMIAO | D67: POSSESSING POCKET WIFI DURING AOC INSPECTION OA 15 1950 SEPTEMBER 2025 | E67: III | F67: POSSESSING/USING UNAUTHORIZED ITEM | G67: 12 | H67: No | K67: 16 | L67: 0 | M67: 16 | N67: 0 | O67: S.O. Nr 133 dtd 16 OCTOBER 2025 | P67: SERVED
B68: 1CL | C68: TAMIAO | D68: WATCHING YOUTUBE AFTER TAPS OA 14 0010 JUNE 2025 | E68: III | F68: DOING UNAUTHORIZED THINGS | G68: 15 | H68: No | K68: 25 | L68: 0 | M68: 25 | N68: =sum(K68,-L84, -M68, ) -> 0 | O68: S.O. Nr 083 dtd 18 JULY 2025 | P68: SERVED
B69: 1CL | C69: VILLOCENO | D69: ACCESSING FACEBOOK DURING AOC'S INSPECTION O/A 15 1057H SEPTEMBER 2025 | E69: II | F69: DOING UNAUTHORIZED THINGS | G69: 20 | H69: No | I69: 45943 | J69: 45957 | K69: 40 | L69: 0 | M69: 40 | N69: =K69-L69-M69 -> 0 | O69: S.O. Nr 128 dtd 13 OCTOBER 2025 | P69: SERVED
B70: 1CL | C70: VILLOCENO | D70: ABSENT FROM CORPS ATHLETIC PERIOD O/A 27 1600H JULY 2025 | E70: III | F70: UNNACCOUNTED/ABSENT | G70: 10 | H70: No | K70: 10 | L70: 0 | M70: 10 | N70: =K70-L70-M70 -> 0 | O70: S.O. Nr 108 dtd 09 SEPTEMBER 2025 | P70: SERVED
B71: 1CL | C71: VILLOCENO | D71: NOT ATTENDING 3/4 ATHLETIC PERIOD O/A 29 1600H JULY 2025 | E71: III | F71: UNNACCOUNTED/ABSENT | G71: 10 | H71: No | K71: 10 | L71: 0 | M71: 10 | N71: =K71-L71-M71 -> 0 | O71: S.O. Nr 108 dtd 09 SEPTEMBER 2025 | P71: SERVED
B72: 1CL | C72: VILLOCENO | D72: USING SMARTPHONE AFTER TAPS O/A 21 2250H NOVEMBER 2025 | E72: II | F72: DOING UNAUTHORIZED THINGS | G72: 20 | H72: No | I72: 45996 | J72: 46010 | K72: 40 | L72: 0 | M72: 40 | N72: 0 | O72: S.O. Nr 183 dtd 05 DECEMBER 2025 | P72: SERVED
B73: 1CL | C73: VILLOCENO | D73: ACCESSING YOUTUBE O/A 21 1050 JANUARY 2026 | E73: II | F73: DOING UNAUTHORIZED THINGS | G73: 20 | H73: No | I73: 46055 | J73: 46069 | K73: 40 | L73: 0 | M73: 40 | N73: =K73-L73-M73 -> 0 | O73: S.O. Nr 21 dtd 04 February 2026 | P73: SERVED
B74: 2CL | C74: ABBAS | D74: UNACCOUNTED DURING CALISTHENICS O/A 07 0415H AUGUST 2025 | E74: III | F74: UNNACCOUNTED/ABSENT | G74: 10 | H74: No | K74: 10 | L74: 0 | M74: 10 | N74: =K74-L74-M74 -> 0 | O74: S.O. Nr 113 dtd 16 SEPTEMBER 2025 | P74: SERVED
B75: 2CL | C75: ABBAS | D75: UNACCOUNTED FROMUNDERCLASS FORMATION OA 270430 JUNE 2025 | E75: III | F75: UNNACCOUNTED/ABSENT | G75: 8 | H75: No | K75: 8 | L75: 0 | M75: 8 | N75: =sum(K75,-L20, -M75, ) -> 0 | O75: S.O. Nr 087 dtd 21 JULY 2025 | P75: SERVED
B76: 2CL | C76: ABBAS | D76: NOT ATTENDING MORNING MESS O/A 21 0610H OCTOBER 2025 | E76: II | F76: UNNACCOUNTED/ABSENT | G76: 20 | H76: No | I76: 45993 | J76: 46007 | K76: 40 | L76: 0 | M76: 40 | N76: 0 | O76: S.O. Nr 164 dtd 24 NOVEMBER 2025 | P76: SERVED
B77: 2CL | C77: ACOSTA | D77: WATCHING ONLINE ANIME MOVIE O/A 24 1405H JULY 2025 DURING OC'S INSPECTION | E77: II | F77: DOING UNAUTHORIZED THINGS | G77: 20 | H77: No | I77: 45897 | J77: 45911 | K77: 40 | L77: 0 | M77: 40 | N77: =K77-L77-M77 -> 0 | O77: S.O. Nr 102 dtd 02 SEPTEMBER 2025 | P77: SERVED
B78: 2CL | C78: ACOSTA | D78: UNACCOUNTED FROM RELIGIOUS SERVICE FORMATION O/A 13 1430H JULY 2025 | E78: III | F78: UNNACCOUNTED/ABSENT | G78: 8 | H78: No | K78: 8 | L78: 0 | M78: 8 | N78: =K78-L78-M78 -> 0 | O78: S.O. Nr 108 dtd 09 SEPTEMBER 2025 | P78: SERVED
B79: 2CL | C79: ACOSTA | D79: LATE FROM 2CL DUTY O/A 05 2130H OCTOBER 2025 | E79: III | F79: LATE | G79: 8 | H79: No | K79: 8 | L79: 0 | M79: 8 | N79: 0 | O79: S.O. Nr 114 dtd 16 SEPTEMBER 2025 | P79: SERVED
B80: 2CL | C80: ACOSTA | D80: UNACCOUNTED DURING EARLY MESS FORMATION FOR SILENT DRILL OF CL 2027 O/A 22 0600H OCTOBER 2025 | E80: III | F80: UNNACCOUNTED/ABSENT | G80: 10 | H80: No | K80: 10 | L80: 0 | M80: 10 | N80: 0 | O80: S.O. Nr 157 dtd 12 NOVEMBER 2025 | P80: SERVED
B81: 2CL | C81: ACOSTA | D81: UNACCOUNTED DURING MORNING MESS FORMATION O/A 19 0450H OCTOBER 2025 | E81: III | F81: UNNACCOUNTED/ABSENT | G81: 8 | H81: No | K81: 8 | L81: 0 | M81: 8 | N81: 0 | O81: S.O. Nr 157 dtd 12 NOVEMBER 2025 | P81: SERVED
B82: 2CL | C82: ALMINE | D82: UNACCOUNTED DURING CAMP FORMATION OA 07 OCTOBER 2025 | E82: III | F82: UNNACCOUNTED/ABSENT | G82: 10 | H82: No | K82: 10 | L82: 0 | M82: 10 | N82: 0 | O82: S.O. Nr 133 dtd 16 OCTOBER 2025 | P82: SERVED
B83: 2CL | C83: ALMINE | D83: NOT ATTENDING RUCKSACK MARCH O/A 13 JULY 2025 | E83: III | F83: UNNACCOUNTED/ABSENT | G83: 10 | H83: No | K83: 10 | L83: 0 | M83: 10 | N83: =K83-L83-M83 -> 0 | O83: S.O. Nr 108 dtd 09 SEPTEMBER 2025 | P83: SERVED
B84: 2CL | C84: ARUMPAC | D84: POSSESSING UNAUTHORIZE WIFI AFTER TAPS OA 18 0010 JUNE 2025 | E84: III | F84: POSSESSING/USING UNAUTHORIZED ITEM | G84: 15 | H84: No | K84: 25 | L84: 0 | M84: 25 | N84: =sum(K84,-L107, -M84, ) -> 0 | O84: S.O. Nr 083 dtd 18 JULY 2025 | P84: SERVED
B85: 2CL | C85: ARUMPAC | D85: WATCHING YOUTUBE DURING OC'S INSPECTION O/A 12 0015H OCTOBER 2025 | E85: III | F85: DOING UNAUTHORIZED THINGS | G85: 19 | H85: No | K85: 39 | L85: 0 | M85: 39 | N85: 0 | O85: S.O. Nr 143 dtd 23 OCTOBER 2025 | P85: SERVED
B86: 2CL | C86: ARUMPAC | D86: UNACCOUNTED FROM MORNING MESS FORMATION O/A 31 0600H OCTOBER 2025 | E86: III | F86: DOING UNAUTHORIZED THINGS | G86: 10 | H86: No | K86: 10 | L86: 0 | M86: 10 | N86: 0 | O86: S.O. Nr 179 dtd 01 DECEMBER 2025 | P86: SERVED
B87: 2CL | C87: BETITA | D87: UNACCOUNTED FROM SMC CADETS' DUTY O/A 09 0504H JULY 2025 | E87: III | F87: UNNACCOUNTED/ABSENT | G87: 10 | H87: No | K87: 10 | L87: 0 | M87: 10 | N87: =K87-L87-M87 -> 0 | O87: S.O. Nr 108 dtd 09 SEPTEMBER 2025 | P87: SERVED
B88: 2CL | C88: BETITA | D88: DELIBERATELY NOT FINISHING THE PFT O/A 10 1630H JULY 2025 | E88: III | F88: DOING UNAUTHORIZED THINGS | G88: 15 | H88: No | K88: 25 | L88: 0 | M88: 25 | N88: =K88-L88-M88 -> 0 | O88: S.O. Nr 108 dtd 09 SEPTEMBER 2025 | P88: SERVED
B89: 2CL | C89: BETITA | D89: BOGGING DOWN DURING PARADE O/A 21 FEBRUARY 2026 | E89: III | F89: DOING UNAUTHORIZED THINGS | G89: 8 | H89: No | K89: 8 | L89: 0 | M89: 8 | N89: 0 | O89: S.O. Nr 54 dtd 14 APRIL 2026 | P89: SERVED
B90: 2CL | C90: BUENO | D90: UNAUTHORIZED PRESENCE INSIDE BARRACKS O/A 19 0705H OCTOBER 2025 | E90: II | F90: DOING UNAUTHORIZED THINGS | G90: 25 | H90: No | I90: 45973 | J90: 46002 | K90: 50 | L90: 0 | M90: 50 | N90: 0 | O90: S.O. Nr 164 dtd 24 NOVEMBER 2025 | P90: SERVED
B91: 2CL | C91: BUENO | D91: UNACCOUNTED DURING CAMP FORMATION O/A 07 1600H OCTOBER 2025 | E91: III | F91: UNNACCOUNTED/ABSENT | G91: 10 | H91: No | K91: 10 | L91: 0 | M91: 10 | N91: 0 | O91: S.O. Nr 143 dtd 23 OCTOBER 2025 | P91: SERVED
B92: 2CL | C92: BUENO | D92: WATCHING YOUTUBE O/A 13 1110H OCTOBER 2025 | E92: III | F92: DOING UNAUTHORIZED THINGS | G92: 19 | H92: No | K92: 39 | L92: 0 | M92: 39 | N92: 0 | O92: S.O. Nr 143 dtd 23 OCTOBER 2025 | P92: SERVED
B93: 2CL | C93: BUENO | D93: GIVING UNAUTHORIZED PUNISHMENT TO CDT 4CL MAULION, THAT IS FRONT-LEANING REST WHILE HIS FEET ARE RAISED ON THE LOWER BUNKS AND MODIFIED SQUAT O/A 12 0800H JUNE 2025 | E93: II | F93: MALTREATMENT/NTP/CTP | G93: 30 | H93: No | I93: 45879 | J93: 45928 | K93: 65 | L93: 0 | M93: 65 | N93: =K93-L93-M93 -> 0 | O93: S.O. Nr 094 dtd 14 AUGUST 2025 | P93: SERVED
B94: 2CL | C94: BUENO | D94: UNACCOUNTED DURING MORNING MESS FORMATION O/A 22 0500H MARCH 2026 | E94: III | F94: UNNACCOUNTED/ABSENT | G94: 8 | H94: No | K94: 8 | L94: 0 | M94: 8 | N94: 0 | O94: S.O. Nr 54 dtd 14 APRIL 2026 | P94: SERVED
B95: 2CL | C95: CARO | D95: ABSENT FROM DUTY O/A 31 O530H DECEMBER 2025 | E95: III | F95: UNNACCOUNTED/ABSENT | G95: 10 | H95: No | K95: 10 | L95: 0 | M95: 10 | N95: 0 | O95: S.O. Nr 35 dtd 26 FEBRUARY 2026 | P95: SERVED
B96: 2CL | C96: CAGASAN | D96: DELIBERATELY NOT FOLLOWING SPECIFIC INSTRUCTION OF THE TACTICAL OFFICER THAT IS NOT LOGGING IN HER CELLPHONE AFTER SERIES OF INSTRUCTIONS OA 13 1150 JUNE 2025 | E96: III | F96: NEGLIGENCE OF DUTY | G96: 10 | H96: No | K96: 10 | L96: 0 | M96: 10 | N96: =sum(K96,-L103, -M96, ) -> 0 | O96: S.O. Nr 075 dtd 08 JULY 2025 | P96: SERVED
B97: 2CL | C97: CAGASAN | D97: POSSESSING AND USING SMARTPHONE AFTER TAPS DURING OC INSPECTION OA 12 JUNE 2025 | E97: II | F97: POSSESSING/USING UNAUTHORIZED ITEM | G97: 50 | H97: No | I97: 45825 | J97: 46004 | K97: 180 | L97: 0 | M97: 180 | N97: =K97-L97-M97 -> 0 | O97: S.O. Nr 066 dtd 20 June 2025 | P97: SERVED
B98: 2CL | C98: CAGASAN | D98: VIDEO CALLING AFTER TAPS O/A 22 2300H JANUARY 2026 | E98: III | F98: DOING UNAUTHORIZED THINGS | G98: 19 | H98: No | K98: 39 | L98: 0 | M98: 39 | N98: 0 | O98: S.O Nr 35 dtd 26 FEBRUARY 2026 | P98: SERVED
B99: 2CL | C99: CATACUTAN | D99: UNACCOUNTED DURING NOON MESS O/A 07 1205H OCTOBER 2025 | E99: III | F99: UNNACCOUNTED/ABSENT | G99: 10 | H99: No | K99: 10 | L99: 0 | M99: 10 | N99: 0 | O99: S.O. Nr 143 dtd 23 OCTOBER 2025 | P99: SERVED
B100: 2CL | C100: DELOS REYES | D100: LATE FROM NCBn MORNING MESS FORMATION O/A 08 0637H JULY 2025 | E100: III | F100: LATE | G100: 8 | H100: No | K100: 8 | L100: 0 | M100: 8 | N100: =K100-L100-M100 -> 0 | O100: S.O. Nr 108 dtd 09 SEPTEMBER 2025 | P100: SERVED
B101: 2CL | C101: DUQUE | D101: 14 MINS LATE FROM TERMINATION OF PRIVILEGE OA 25 1714 AUGUST 2025 | E101: III | F101: LATE | G101: 13 | H101: No | K101: 19 | L101: 0 | M101: 19 | N101: 0 | O101: S.O. Nr 133 dtd 16 OCTOBER 2025 | P101: SERVED
B102: 2CL | C102: GOC-ONG | D102: UNAUTHORIZE USE OF LAPTOPS AFTER TAPS OA 07 JUNE 2025 | E102: II | F102: DOING UNAUTHORIZED THINGS | G102: 20 | H102: No | I102: 45825 | J102: 45839 | K102: 40 | L102: 0 | M102: 40 | N102: =sum(K102,-L96, -M102, ) -> 0 | O102: S.O. Nr 066 dtd 20 June 2025 | P102: SERVED
...

Sheet GOLF
A1: GOLF PUNISHMENT LIST
A2: F/SGT: CDT 2CL FULO
A3: UPDATED AS OF : | E3: 46175
A4: NOTED BY: CDT SGT MAJ 2CL FIONA LISA C DEMARAYE 'H' Co CCAFP
A5: ACTIVE PUNISHMENTS
A6: NO | B6: RANK | C6: LAST NAME | D6: OFFENSE | E6: CLASS | F6: NATURE OF OFFENSE | G6: DEMERITS | H6: CONFINEMENT | K6: TOURING HOURS | O6: REFERENCE | P6: REMARKS
H7: CONFINED? | I7: START | J7: END | K7: TOTAL | L7: CONVERTED | M7: SERVED | N7: REMAINING
A8: 1 | B8: 3CL | C8: VALENCERINA | H8: Yes | I8: 46171 | J8: 46185 | K8: 40 | L8: 0 | M8: 0 | N8: 40 | O8: S.O. Nr 69 dtd 01 JUNE 2026 | P8: ONGOING/CONFINED
A9: 2 | B9: 3CL | C9: SILVA | H9: Yes | I9: 46171 | J9: 46185 | K9: 40 | L9: 0 | M9: 0 | N9: 40 | O9: S.O. Nr 68 dtd 01 JUNE 2026 | P9: ONGOING/CONFINED
A10: 3 | B10: 3CL | C10: CANADA | H10: Yes | I10: 46171 | J10: 46220 | K10: 65 | L10: 0 | M10: 0 | N10: 65 | O10: S.O. Nr 68 dtd 01 JUNE 2026 | P10: ONGOING/CONFINED
A11: 4 | B11: 2CL | C11: KULI | D11: POSSESSING AND USING UNAUTHORIZED SMARTPHONE o/a 12 1915 FEBRUARY 2026 | E11: II | F11: POSSESSING/USING UNAUTHORIZED ITEM | G11: 50 | H11: Yes | I11: 46107 | J11: 46286 | K11: 180 | L11: 0 | M11: 180 | N11: =K11-L11-M11 -> 0 | O11: S.O. Nr 48 dtd 23 MARCH 2026 | P11: CONFINED
A12: SERVED PUNISHMENT
A237: ali

Sheet HAWK
A1: HAWK COMPANY PUNISHMENT MONITORING LIST
A2: F/SGT: CDT 2CL SABILLA
D3: UPDATED AS OF : | I3: 46146
A4: NOTED BY: CDT SGT MAJ 2CL FIONA LISA C DEMARAYE 'H' Co CCAFP
A5: ACTIVE PUNISHMENTS
A6: NO | B6: RANK | C6: LAST NAME | D6: OFFENSE | E6: CLASS | F6: NATURE OF OFFENSE | G6: DEMERITS | H6: CONFINEMENT | K6: TOURING HOURS | O6: REFERENCE | P6: REMARKS
H7: CONFINED? | I7: START | J7: END | K7: TOTAL | L7: CONVERTED | M7: SERVED | N7: REMAINING
B8: 1CL | C8: VALDEZ | H8: Yes | I8: 46171 | J8: 46185 | K8: 40 | L8: 0 | M8: 0 | N8: 40 | O8: SPECIAL ORDERS NO 68 DTD 01 JUNE 2026 | P8: ONGOING
B9: 1CL | C9: YBANEZ | H9: Yes | I9: 46329 | J9: 46378 | K9: 65 | L9: 0 | M9: 0 | N9: 65 | O9: SPECIAL ORDERS NO 68 DTD 01 JUNE 2026 | P9: ONGOING
B10: 1CL | C10: YBANEZ | H10: Yes | I10: 46379 | J10: 46028 | K10: 40 | L10: 0 | M10: 0 | N10: 40 | O10: SPECIAL ORDERS NO 68 DTD 01 JUNE 2026 | P10: ONGOING
B11: 2CL | C11: MORATO | D11: SLEEPING WITH ANOTHER CADET OF OPPOSITE SEX | E11: I | F11: DOING UNAUTHORIZED THINGS | G11: 51 | H11: Yes | I11: 46097 | J11: Sept 13 | K11: 181 | L11: 0 | M11: 153 | N11: 28 | O11: SPECIAL ORDERS NO 48 | P11: CONFINED
B12: 2CL | C12: ALAYA -AY | H12: Yes | I12: 46171 | J12: 46350 | K12: 180 | L12: 0 | M12: 0 | N12: 180 | O12: SPECIAL ORDERS NO 68 DTD 01 JUNE 2026 | P12: ONGOING
B13: 3CL | C13: JAVELOSA | H13: Yes | I13: 46171 | J13: 46185 | K13: 40 | L13: 0 | M13: 0 | N13: 40 | O13: SPECIAL ORDERS NO 68 DTD 01 JUNE 2026 | P13: ONGOING
B14: 3CL | C14: LAGUNILLA | H14: Yes | I14: 46171 | J14: 46185 | K14: 40 | L14: 0 | M14: 0 | N14: 40 | O14: SPECIAL ORDERS NO 68 DTD 01 JUNE 2026 | P14: ONGOING
B15: 3CL | C15: MANDIGMA | H15: Yes | I15: 46171 | J15: 46185 | K15: 40 | L15: 0 | M15: 0 | N15: 40 | O15: SPECIAL ORDERS NO 68 DTD 01 JUNE 2026 | P15: ONGOING
A16: SERVED PUNISHMENTS
A17: 1 | B17: 2CL | C17: BALTAZAR | D17: POSSESSING DISCO LIGHTS O/A 13 0400H JUNE 2025 | E17: III | F17: POSSESSING/USING UNAUTHORIZED ITEM | G17: 10 | H17: No | K17: 10 | M17: 10 | N17: 0 | O17: SPECIAL ORDER NO 72 DTD 01 JULY 2025 | P17: SERVED
A18: 2 | B18: 2CL | C18: DE VERA | D18: 14 MINS LATE FROM TERMINATION OF PRIVELEGE OA 14 2114 JUNE 2025 | E18: III | F18: LATE | G18: 10 | H18: No | K18: 10 | L18: 0 | M18: 10 | N18: 0 | O18: SPECIAL ORDERS 070 DTD 25 JUNE 2025 | P18: SERVED
A19: 3 | B19: 2CL | C19: DOMINGUEZ | D19: ABSENT FROM CORPS ROAD RUN O/A 27 1500H MAY 2025 | E19: III | F19: UNNACCOUNTED/ABSENT | G19: 10 | H19: No | K19: 10 | M19: 10 | N19: 0 | O19: SPECIAL ORDERS 070 DTD 25 JUNE 2025 | P19: SERVED
A20: 4 | B20: 2CL | C20: ESTEBAN | D20: POSSESSING DISCO LIGHTS O/A 13 0400H JUNE 2025 | E20: III | F20: POSSESSING/USING UNAUTHORIZED ITEM | G20: 10 | H20: No | K20: 10 | M20: 10 | N20: 0 | O20: SPECIAL ORDER NO 72 DTD 01 JULY 2025 | P20: SERVED
A21: 5 | B21: 2CL | C21: MARDICAS | D21: ABSENT FROM CORPS ROAD RUN O/A 27 1500H MAY 2025 | E21: III | F21: UNNACCOUNTED/ABSENT | G21: 10 | H21: No | K21: 10 | M21: 10 | N21: 0 | O21: SPECIAL ORDERS 070 DTD 25 JUNE 2025 | P21: SERVED
A22: 6 | B22: 2CL | C22: SABILLA | D22: UNAUTHORIZED USE OF LAPTOP AFTER TAPS O/A 07 2348H JUNE 2025 | E22: III | F22: DOING UNAUTHORIZED THINGS | G22: 8 | H22: No | K22: 8 | M22: 8 | N22: 0 | O22: SPECIAL ORDERS 070 DTD 25 JUNE 2025 | P22: SERVED
A23: 7 | B23: 2CL | C23: SUPITER | D23: POSSESSING DISCO LIGHTS O/A 13 0400H JUNE 2025 | E23: III | F23: POSSESSING/USING UNAUTHORIZED ITEM | G23: 10 | H23: No | K23: 10 | M23: 10 | N23: 0 | O23: SPECIAL ORDER NO 72 DTD 01 JULY 2025 | P23: SERVED
A24: 8 | B24: 3CL | C24: EBFAN | D24: 7 MINUTES LATE FROM TERMINATION OF PRIVILEGE O/A 14 2107H JUNE 2025 | E24: III | F24: LATE | G24: 10 | H24: No | K24: 10 | M24: 10 | N24: 0 | O24: SPECIAL ORDER NO 72 DTD 01 JULY 2025 | P24: SERVED
A25: 9 | B25: 2CL | C25: ESTEBAN | D25: 15 MINS LATE FROM SD CLASS O/A 18 1440H JUNE 2025 | E25: III | F25: LATE | G25: 10 | H25: No | K25: 10 | M25: 10 | N25: 0 | O25: SPECIAL ORDERS NO 78 DTD 18 JULY 2025 | P25: SERVED
A26: 10 | B26: 2CL | C26: SABILLA | D26: CADET UNBECOMING, DRINKING LIQUOR ON PRIVELEGE O/A 18 2000 DEC 2027 | E26: II | F26: DOING UNAUTHORIZED THINGS | G26: 50 | H26: Yes | I26: 45695 | J26: 45874 | K26: 180 | L26: 0 | M26: 180 | N26: =K26-M26-L26 -> 0 | O26: S.O. Nr 001 dtd 08 January 2025 | P26: SERVED
A27: 11 | B27: 1CL | C27: BELGA | D27: PLAYING MOBILE GAMES O/A 14 0640H JUNE 2025 | E27: III | F27: DOING UNAUTHORIZED THINGS | G27: 19 | H27: No | K27: 39 | M27: 39 | N27: 0 | O27: SPECIAL ORDERS 070 DTD 25 JUNE 2025 | P27: SERVED
A28: 12 | B28: 1CL | C28: MAGANA | D28: USING SMARTPHONE AFTER TAPS O/A 11 2330H JUNE 2025 | E28: II | F28: DOING UNAUTHORIZED THINGS | G28: 20 | H28: Yes | I28: 45839 | J28: 45853 | K28: 40 | M28: 40 | N28: 0 | O28: SPECIAL ORDER NO 72 DTD 01 JULY 2025 | P28: SERVED
A29: 13 | B29: 1CL | C29: QUIZZAGAN | D29: PLAYING MOBILE LEGENDS AT THE COMPANY CLUBROOM 05 1840H JUNE 2025 | E29: III | F29: DOING UNAUTHORIZED THINGS | G29: 19 | H29: No | K29: 39 | M29: 39 | N29: 0 | O29: SPECIAL ORDERS 070 DTD 25 JUNE 2025 | P29: SERVED
A30: 14 | B30: 3CL | C30: AGUSTIN | D30: ACCESSING TELEGRAM AFTER TAPS O/A 11 2300H JUNE 2025 | E30: II | F30: DOING UNAUTHORIZED THINGS | G30: 20 | H30: Yes | I30: 45839 | J30: 45853 | K30: 40 | M30: 40 | N30: 0 | O30: SPECIAL ORDER NO 72 DTD 01 JULY 2025 | P30: SERVED
A31: 15 | B31: 3CL | C31: ALIUD,DEN | D31: AS A CRO, HAVING A RAMBAGIZED ROOM DURING OC'S INSPECTION O/A 03 0736H JULY 2025 | E31: III | F31: CLEANLINESS OF ROOM | G31: 8 | H31: No | K31: 8 | M31: 8 | N31: 0 | O31: SPECIAL ORDERS NO 88 DTD 21 JULY 2025 | P31: SERVED
A32: 16 | B32: 3CL | C32: FERNANDEZ | D32: UNACCOUNTED FROM SMC CADET DUTY O/A 04 0430 JULY 2025 | E32: III | F32: UNNACCOUNTED/ABSENT | G32: 10 | H32: No | K32: 10 | M32: 10 | N32: 0 | O32: SPECIAL ORDERS NO 88 DTD 21 JULY 2025 | P32: SERVED
A33: 17 | B33: 3CL | C33: NAOHA | D33: USING CHATGPT DURING SGD231 CLASS O/A 24 1108H JUNE 2025 | E33: III | F33: DOING UNAUTHORIZED THINGS | G33: 8 | H33: No | K33: 8 | M33: 8 | N33: 0 | O33: SPECIAL ORDERS NO 88 DTD 21 JULY 2025 | P33: SERVED
A34: 18 | B34: 1CL | C34: ANGCHANGCO | D34: USING POCKET WIFI DURING OC'S INSPECTION O/A 02 2324H JUNE 2025 | E34: III | F34: POSSESSING/USING UNAUTHORIZED ITEM | G34: 19 | H34: No | K34: 39 | M34: 39 | N34: 0 | O34: SPECIAL ORDERS 070 DTD 25 JUNE 2025 | P34: SERVED
A35: 19 | B35: 1CL | C35: BARTE | D35: USING SMARTPHONE AFTER TAPS O/A 11 2330H JUNE 2025 | E35: II | F35: DOING UNAUTHORIZED THINGS | G35: 20 | H35: Yes | I35: 45839 | J35: 45853 | K35: 40 | M35: 40 | N35: 0 | O35: SPECIAL ORDER NO 72 DTD 01 JULY 2025 | P35: SERVED
